producto_b2b_id,provider_sku,source_zip,source_relative_path,role,derived_path,derived_format,derived_width,derived_height,derived_file_size,derived_sha256,public_integration_status,optimization_status,optimization_notes,rights_status
ab9edc2f-edc7-4737-98d8-9ed0eb27cdb8,bug-sol-azu,Boligrafos plastico.zip,Boligrafos plastico/buggy azul sin clip.jpg,MASTER,bug-sol-azu/bug-sol-azu_master.webp,WEBP,1600,1600,35404,17e4b2bd1f5f12bd6375a99bafe0efe89e7367ff9e0f0cec3bb7d95df5ba8b29,NOT_INTEGRATED,PASS,max 1600x1600; object-contain compatible; metadata stripped; no upscale,INHERITED_FROM_CERTIFIED_BANK_MATCH
ab9edc2f-edc7-4737-98d8-9ed0eb27cdb8,bug-sol-azu,Boligrafos plastico.zip,Boligrafos plastico/buggy azul clip.jpg,SECONDARY_1,bug-sol-azu/bug-sol-azu_secondary_1.webp,WEBP,1600,1600,52370,0c7006f0525a1411eeebf882079c619b21e50a66d1d2e48ab4812099c75c1469,NOT_INTEGRATED,PASS,max 1600x1600; object-contain compatible; metadata stripped; no upscale,INHERITED_FROM_CERTIFIED_BANK_MATCH
4e733729-9a37-40c5-8cac-10f5dfd51a02,bug-sol-bla,Boligrafos plastico.zip,Boligrafos plastico/buggy blanca.jpg,MASTER,bug-sol-bla/bug-sol-bla_master.webp,WEBP,1600,1600,19808,5c9368c9a409d58140517f55d3779e144f8190ebb27f0f4269e8d04b55d2a6d6,NOT_INTEGRATED,PASS,max 1600x1600; object-contain compatible; metadata stripped; no upscale,INHERITED_FROM_CERTIFIED_BANK_MATCH
4e733729-9a37-40c5-8cac-10f5dfd51a02,bug-sol-bla,Boligrafos plastico.zip,Boligrafos plastico/buggy blanca clip.jpg,SECONDARY_1,bug-sol-bla/bug-sol-bla_secondary_1.webp,WEBP,1600,1600,21352,a66ef43d05d5b82246b08e9005953b6b044579a03721a09dd7be9ff741591df7,NOT_INTEGRATED,PASS,max 1600x1600; object-contain compatible; metadata stripped; no upscale,INHERITED_FROM_CERTIFIED_BANK_MATCH
3c012042-a304-4a35-b106-4601099e1dcd,bug-sol-mor,Boligrafos plastico.zip,Boligrafos plastico/buggy morada.jpg,MASTER,bug-sol-mor/bug-sol-mor_master.webp,WEBP,1600,1600,29474,477b9371f2f58420a9335f6b80e72c24f41558bbf20acc1a405c0dea85e5e407,NOT_INTEGRATED,PASS,max 1600x1600; object-contain compatible; metadata stripped; no upscale,INHERITED_FROM_CERTIFIED_BANK_MATCH
3c012042-a304-4a35-b106-4601099e1dcd,bug-sol-mor,Boligrafos plastico.zip,Boligrafos plastico/buggy morada clip.jpg,SECONDARY_1,bug-sol-mor/bug-sol-mor_secondary_1.webp,WEBP,1600,1600,51442,961e2f06ad5eed760d9083fecb088792ddc2b7597340954f82551674fd2c4c7b,NOT_INTEGRATED,PASS,max 1600x1600; object-contain compatible; metadata stripped; no upscale,INHERITED_FROM_CERTIFIED_BANK_MATCH
1247ce98-ee84-4fd1-bb2a-31f2f026bb73,bug-sol-nar,Boligrafos plastico.zip,Boligrafos plastico/buggy naranja clip.jpg,MASTER,bug-sol-nar/bug-sol-nar_master.webp,WEBP,1600,1600,44256,1b43703cf51cb5d9bd1d743db72b2fd2ad681078d706e35464d53c828bcbdb8b,NOT_INTEGRATED,PASS,max 1600x1600; object-contain compatible; metadata stripped; no upscale,INHERITED_FROM_CERTIFIED_BANK_MATCH
1247ce98-ee84-4fd1-bb2a-31f2f026bb73,bug-sol-nar,Boligrafos plastico.zip,Boligrafos plastico/buggy naranja contraclip.jpg,SECONDARY_1,bug-sol-nar/bug-sol-nar_secondary_1.webp,WEBP,1600,1600,39056,544498a3058fec213aade8b8547af6dbd24b521666b185ed35603bcbb01c1d10,NOT_INTEGRATED,PASS,max 1600x1600; object-contain compatible; metadata stripped; no upscale,INHERITED_FROM_CERTIFIED_BANK_MATCH
bef599e2-eac0-44e0-b2d3-66d07188503d,bug-sol-neg,Boligrafos plastico.zip,Boligrafos plastico/buggy negra sin clip.jpg,MASTER,bug-sol-neg/bug-sol-neg_master.webp,WEBP,1600,1600,16628,08d2217c19dc88ceefa8ac1a29630e32626ca21f1900ce03953f398fbaff617b,NOT_INTEGRATED,PASS,max 1600x1600; object-contain compatible; metadata stripped; no upscale,INHERITED_FROM_CERTIFIED_BANK_MATCH
bef599e2-eac0-44e0-b2d3-66d07188503d,bug-sol-neg,Boligrafos plastico.zip,Boligrafos plastico/buggy negra clip.jpg,SECONDARY_1,bug-sol-neg/bug-sol-neg_secondary_1.webp,WEBP,1600,1600,45420,132e274af53d3e5e3fab446d0e6d22387a6d54a0cbe80ad34e6788f6df570783,NOT_INTEGRATED,PASS,max 1600x1600; object-contain compatible; metadata stripped; no upscale,INHERITED_FROM_CERTIFIED_BANK_MATCH
94fb5414-c9db-4628-9558-5ca202a7d5db,bug-sol-roj,Boligrafos plastico.zip,Boligrafos plastico/buggy roja.jpg,MASTER,bug-sol-roj/bug-sol-roj_master.webp,WEBP,1600,1600,36964,35263bec8802072576b39823e6a67d5d01ba47339d70e2ab37ec00120f70a458,NOT_INTEGRATED,PASS,max 1600x1600; object-contain compatible; metadata stripped; no upscale,INHERITED_FROM_CERTIFIED_BANK_MATCH
94fb5414-c9db-4628-9558-5ca202a7d5db,bug-sol-roj,Boligrafos plastico.zip,Boligrafos plastico/buggy roja clip.jpg,SECONDARY_1,bug-sol-roj/bug-sol-roj_secondary_1.webp,WEBP,1600,1600,42372,4880e22cafc047d02c3c9182be2cc3a208860f29fb1dd8ecfac1cc22df0ef06b,NOT_INTEGRATED,PASS,max 1600x1600; object-contain compatible; metadata stripped; no upscale,INHERITED_FROM_CERTIFIED_BANK_MATCH
4ebef479-27b7-46e8-bf31-1de745e1f621,bug-sol-ros,Boligrafos plastico.zip,Boligrafos plastico/buggy rosa.jpg,MASTER,bug-sol-ros/bug-sol-ros_master.webp,WEBP,1600,1600,35592,8bccba862f7faaa709461b017d5e3d2b93e150fef3ba0ff2eb8a9c34c03baab8,NOT_INTEGRATED,PASS,max 1600x1600; object-contain compatible; metadata stripped; no upscale,INHERITED_FROM_CERTIFIED_BANK_MATCH
4ebef479-27b7-46e8-bf31-1de745e1f621,bug-sol-ros,Boligrafos plastico.zip,Boligrafos plastico/buggy rosa clip.jpg,SECONDARY_1,bug-sol-ros/bug-sol-ros_secondary_1.webp,WEBP,1600,1600,43128,be27c9eb9ebbe6205000f3f59a64a5d408c955c478e0161507f6737cc591bd0d,NOT_INTEGRATED,PASS,max 1600x1600; object-contain compatible; metadata stripped; no upscale,INHERITED_FROM_CERTIFIED_BANK_MATCH
b2a34ef4-e11c-456f-b668-cc6a6ce923f7,bug-sol-ver,Boligrafos plastico.zip,Boligrafos plastico/buggy verde clip.jpg,MASTER,bug-sol-ver/bug-sol-ver_master.webp,WEBP,1600,1600,39488,f67d76e195e3e7e8ad06028bb84461fc0a7a8516102fcd6aa23512a0ee89f45f,NOT_INTEGRATED,PASS,max 1600x1600; object-contain compatible; metadata stripped; no upscale,INHERITED_FROM_CERTIFIED_BANK_MATCH
b2a34ef4-e11c-456f-b668-cc6a6ce923f7,bug-sol-ver,Boligrafos plastico.zip,Boligrafos plastico/buggy verde sin clip.jpg,SECONDARY_1,bug-sol-ver/bug-sol-ver_secondary_1.webp,WEBP,1600,1600,39524,f81e9a1dce56efc638ed146f7fbd5ebb727ae155bfdc67b928f75d38bc4fc5fc,NOT_INTEGRATED,PASS,max 1600x1600; object-contain compatible; metadata stripped; no upscale,INHERITED_FROM_CERTIFIED_BANK_MATCH
115f29be-eb6d-4606-aa48-1c2ec82a550d,cen-met-neg,Boligrafos metal.zip,Boligrafos metal/century negra costado.jpg,MASTER,cen-met-neg/cen-met-neg_master.webp,WEBP,1600,1600,54682,9ea5a6af69d7ba0843e985493ebb47c678a0ad259822be070c70a967719208b8,NOT_INTEGRATED,PASS,max 1600x1600; object-contain compatible; metadata stripped; no upscale,INHERITED_FROM_CERTIFIED_BANK_MATCH
115f29be-eb6d-4606-aa48-1c2ec82a550d,cen-met-neg,Boligrafos metal.zip,Boligrafos metal/Century Negra sin clip.jpg,SECONDARY_1,cen-met-neg/cen-met-neg_secondary_1.webp,WEBP,1600,1600,42794,86fff382a2db698be30e3c4baf0fbd08d95ac45bc09095ab2bc161cbf2de8e44,NOT_INTEGRATED,PASS,max 1600x1600; object-contain compatible; metadata stripped; no upscale,INHERITED_FROM_CERTIFIED_BANK_MATCH
9095530a-71e0-4b0c-ac32-c365c3461d3e,col-tra-ama,Boligrafos plastico.zip,Boligrafos plastico/colors amarilla.jpg,MASTER,col-tra-ama/col-tra-ama_master.webp,WEBP,1600,1600,31342,5621d23ede3faf58ceb72268043534df3dd2782530dcc7a9e6be482fc6185e66,NOT_INTEGRATED,PASS,max 1600x1600; object-contain compatible; metadata stripped; no upscale,INHERITED_FROM_CERTIFIED_BANK_MATCH
9095530a-71e0-4b0c-ac32-c365c3461d3e,col-tra-ama,Boligrafos plastico.zip,Boligrafos plastico/colors amarilla clip.jpg,SECONDARY_1,col-tra-ama/col-tra-ama_secondary_1.webp,WEBP,1600,1600,27656,f218eaef83b6c981677bdebfcf89b08acb1a0e35546edf83305f48459f248dac,NOT_INTEGRATED,PASS,max 1600x1600; object-contain compatible; metadata stripped; no upscale,INHERITED_FROM_CERTIFIED_BANK_MATCH
69c20a3b-3225-4309-8b66-1f8dbb901ed6,col-tra-azu,Boligrafos plastico.zip,Boligrafos plastico/colors azul.jpg,MASTER,col-tra-azu/col-tra-azu_master.webp,WEBP,1600,1600,37932,10045563a8690e9f42fbcae6fa9ba819398c2c99ae976298fc5e6effd97f4720,NOT_INTEGRATED,PASS,max 1600x1600; object-contain compatible; metadata stripped; no upscale,INHERITED_FROM_CERTIFIED_BANK_MATCH
69c20a3b-3225-4309-8b66-1f8dbb901ed6,col-tra-azu,Boligrafos plastico.zip,Boligrafos plastico/colors azul clip.jpg,SECONDARY_1,col-tra-azu/col-tra-azu_secondary_1.webp,WEBP,1600,1600,40010,ae957df85e8591360712d38a80e7d8da615c0a659de34632bbc1d51bcf716668,NOT_INTEGRATED,PASS,max 1600x1600; object-contain compatible; metadata stripped; no upscale,INHERITED_FROM_CERTIFIED_BANK_MATCH
5f5011f3-5911-4d14-b39e-2d091d488ef9,col-tra-mor,Boligrafos plastico.zip,Boligrafos plastico/colors morada.jpg,MASTER,col-tra-mor/col-tra-mor_master.webp,WEBP,1600,1600,29850,52c1c2e6fb2eae3f74abe264b72a556c934710137737eed7b5d39f87fc12ef89,NOT_INTEGRATED,PASS,max 1600x1600; object-contain compatible; metadata stripped; no upscale,INHERITED_FROM_CERTIFIED_BANK_MATCH
5f5011f3-5911-4d14-b39e-2d091d488ef9,col-tra-mor,Boligrafos plastico.zip,Boligrafos plastico/colors morada clip.jpg,SECONDARY_1,col-tra-mor/col-tra-mor_secondary_1.webp,WEBP,1600,1600,32896,2c7903acf0e34b7f44d3deebfebcd24819bbbd53fa97e8f7123eaedc62416455,NOT_INTEGRATED,PASS,max 1600x1600; object-contain compatible; metadata stripped; no upscale,INHERITED_FROM_CERTIFIED_BANK_MATCH
853646ee-541b-4fa8-82d0-387bfd092a7e,col-tra-ver,Boligrafos plastico.zip,Boligrafos plastico/colors verde.jpg,MASTER,col-tra-ver/col-tra-ver_master.webp,WEBP,1600,1600,30462,ec16213f0f85ff4294ac7184ba4835ec08cb0366f9fdee4c9c61002250a45eb2,NOT_INTEGRATED,PASS,max 1600x1600; object-contain compatible; metadata stripped; no upscale,INHERITED_FROM_CERTIFIED_BANK_MATCH
853646ee-541b-4fa8-82d0-387bfd092a7e,col-tra-ver,Boligrafos plastico.zip,Boligrafos plastico/colors verde clip.jpg,SECONDARY_1,col-tra-ver/col-tra-ver_secondary_1.webp,WEBP,1600,1600,34276,20b3146ac55ee1834a298cd1e602023acc3ad2922340cfdf6f4a9822ea360686,NOT_INTEGRATED,PASS,max 1600x1600; object-contain compatible; metadata stripped; no upscale,INHERITED_FROM_CERTIFIED_BANK_MATCH
8635c8af-f15f-49e9-baba-ddb2ef6afbc3,col-eli-azu,Boligrafos plastico.zip,Boligrafos plastico/colors elite azul 1.jpg,MASTER,col-eli-azu/col-eli-azu_master.webp,WEBP,1600,1600,96320,afb61c6d018e2cafc14c7ac3129d22a657903027d241a85d0c0697711bca336c,NOT_INTEGRATED,PASS,max 1600x1600; object-contain compatible; metadata stripped; no upscale,INHERITED_FROM_CERTIFIED_BANK_MATCH
8635c8af-f15f-49e9-baba-ddb2ef6afbc3,col-eli-azu,Boligrafos plastico.zip,Boligrafos plastico/colors elite azul 1 clip.jpg,SECONDARY_1,col-eli-azu/col-eli-azu_secondary_1.webp,WEBP,1600,1600,90362,bd27445790cbe0f54cf9bed60a2f21e4016069e95b79d4dff88bc2b5ed8235b1,NOT_INTEGRATED,PASS,max 1600x1600; object-contain compatible; metadata stripped; no upscale,INHERITED_FROM_CERTIFIED_BANK_MATCH
8c481a10-ca4a-47f8-b766-48812b3b4fd3,col-eli-bla,Boligrafos plastico.zip,Boligrafos plastico/colors elite blanca sin clip.jpg,MASTER,col-eli-bla/col-eli-bla_master.webp,WEBP,1600,1600,41544,c245afc301acf6d3328b9d3eef2df5e434e30ee9e224d5a70bde7dc5080b4dd8,NOT_INTEGRATED,PASS,max 1600x1600; object-contain compatible; metadata stripped; no upscale,INHERITED_FROM_CERTIFIED_BANK_MATCH
8c481a10-ca4a-47f8-b766-48812b3b4fd3,col-eli-bla,Boligrafos plastico.zip,Boligrafos plastico/colors elite blanca clip.jpg,SECONDARY_1,col-eli-bla/col-eli-bla_secondary_1.webp,WEBP,1600,1600,32362,f380648bb26fb81e4823614716f91e09a24611fa9d4d87907f86eadef53ea52b,NOT_INTEGRATED,PASS,max 1600x1600; object-contain compatible; metadata stripped; no upscale,INHERITED_FROM_CERTIFIED_BANK_MATCH
aa2ba86a-ba45-4cdc-9470-6ac26804fcef,col-eli-neg,Boligrafos plastico.zip,Boligrafos plastico/colors elite negra.jpg,MASTER,col-eli-neg/col-eli-neg_master.webp,WEBP,1600,1600,42612,acd2311fcddcb65e618a400a5b0d43654809a546ef509df72aaa4b057617923e,NOT_INTEGRATED,PASS,max 1600x1600; object-contain compatible; metadata stripped; no upscale,INHERITED_FROM_CERTIFIED_BANK_MATCH
aa2ba86a-ba45-4cdc-9470-6ac26804fcef,col-eli-neg,Boligrafos plastico.zip,Boligrafos plastico/colors elite negra clip.jpg,SECONDARY_1,col-eli-neg/col-eli-neg_secondary_1.webp,WEBP,1600,1600,32606,82058457adc8f4b46d4f7f54c609eb9e119665ce15375aa468f7f794162e5aa3,NOT_INTEGRATED,PASS,max 1600x1600; object-contain compatible; metadata stripped; no upscale,INHERITED_FROM_CERTIFIED_BANK_MATCH
50f0e222-41b8-4e93-a95e-3e1379b60603,col-eli-pla,Boligrafos plastico.zip,Boligrafos plastico/colors elite plata.jpg,MASTER,col-eli-pla/col-eli-pla_master.webp,WEBP,1600,1600,28726,a8e470c9520cfbc5c1066fd77f23b4cd3487618455a876696e571d156d7bdad4,NOT_INTEGRATED,PASS,max 1600x1600; object-contain compatible; metadata stripped; no upscale,INHERITED_FROM_CERTIFIED_BANK_MATCH
50f0e222-41b8-4e93-a95e-3e1379b60603,col-eli-pla,Boligrafos plastico.zip,Boligrafos plastico/colors elite plata clip.jpg,SECONDARY_1,col-eli-pla/col-eli-pla_secondary_1.webp,WEBP,1600,1600,32982,4a234ea5d4ab62a8eee06ebecde946f49d3d2882ac84dfd232cc40d9c0d6edce,NOT_INTEGRATED,PASS,max 1600x1600; object-contain compatible; metadata stripped; no upscale,INHERITED_FROM_CERTIFIED_BANK_MATCH
0da45356-6141-474d-8a80-93d4f784f717,dak-met-ace,Boligrafos metal.zip,Boligrafos metal/Dakar Acero destapada.jpg,MASTER,dak-met-ace/dak-met-ace_master.webp,WEBP,1600,1600,33672,1ea6d462b655ec8b91585e0c797f577b38e8147c437b4289fe00250228d33e3e,NOT_INTEGRATED,PASS,max 1600x1600; object-contain compatible; metadata stripped; no upscale,INHERITED_FROM_CERTIFIED_BANK_MATCH
0da45356-6141-474d-8a80-93d4f784f717,dak-met-ace,Boligrafos metal.zip,Boligrafos metal/Dakar Acero sin clip.jpg,SECONDARY_1,dak-met-ace/dak-met-ace_secondary_1.webp,WEBP,1600,1600,57816,e8bbdc7e148e509d7e6516579f18177602bdcbb6ba50a47e4e654b0c153347b0,NOT_INTEGRATED,PASS,max 1600x1600; object-contain compatible; metadata stripped; no upscale,INHERITED_FROM_CERTIFIED_BANK_MATCH
c7f65881-2644-4089-951f-95d258571aca,esf-sol-azu,Boligrafos plastico.zip,Boligrafos plastico/Esfera touch azul clip copy.jpg,MASTER,esf-sol-azu/esf-sol-azu_master.webp,WEBP,1600,1600,55462,72df312f2f4ffe2a8672535e90a06cbd92430d1a22ace3b270ab334af41dbfc1,NOT_INTEGRATED,PASS,max 1600x1600; object-contain compatible; metadata stripped; no upscale,INHERITED_FROM_CERTIFIED_BANK_MATCH
c7f65881-2644-4089-951f-95d258571aca,esf-sol-azu,Boligrafos plastico.zip,Boligrafos plastico/Esfera touch azul copy.jpg,SECONDARY_1,esf-sol-azu/esf-sol-azu_secondary_1.webp,WEBP,1600,1600,49768,3dbead4f048565b77afc2a15b990671e7c06eb47f685613439acabc2a19844f7,NOT_INTEGRATED,PASS,max 1600x1600; object-contain compatible; metadata stripped; no upscale,INHERITED_FROM_CERTIFIED_BANK_MATCH
a3439130-bcad-425e-a776-185f7eab3395,esf-sol-mor,Boligrafos plastico.zip,Boligrafos plastico/Esfera touch morado clip copy.jpg,MASTER,esf-sol-mor/esf-sol-mor_master.webp,WEBP,1600,1600,47134,e7ce31d5c2e333c9af245ce3ce6a94b1dbddc23b7142cb0c05587c5b5db5fadd,NOT_INTEGRATED,PASS,max 1600x1600; object-contain compatible; metadata stripped; no upscale,INHERITED_FROM_CERTIFIED_BANK_MATCH
a3439130-bcad-425e-a776-185f7eab3395,esf-sol-mor,Boligrafos plastico.zip,Boligrafos plastico/Esfera touch morado copy.jpg,SECONDARY_1,esf-sol-mor/esf-sol-mor_secondary_1.webp,WEBP,1600,1600,43296,fb9073abac91976f6750f3abd393c5f065b4918c3a0d803f86cab9be60b9177a,NOT_INTEGRATED,PASS,max 1600x1600; object-contain compatible; metadata stripped; no upscale,INHERITED_FROM_CERTIFIED_BANK_MATCH
f28c07b0-f333-46e3-a63f-9c50d6918343,esf-sol-neg,Boligrafos plastico.zip,Boligrafos plastico/Esfera touch negro clip copy.jpg,MASTER,esf-sol-neg/esf-sol-neg_master.webp,WEBP,1600,1600,41332,91679c33ff2df0db7d0bce5d24d70dc1abfd68239b8b00f5f011be98b6aab3e5,NOT_INTEGRATED,PASS,max 1600x1600; object-contain compatible; metadata stripped; no upscale,INHERITED_FROM_CERTIFIED_BANK_MATCH
f28c07b0-f333-46e3-a63f-9c50d6918343,esf-sol-neg,Boligrafos plastico.zip,Boligrafos plastico/Esfera touch negro copy.jpg,SECONDARY_1,esf-sol-neg/esf-sol-neg_secondary_1.webp,WEBP,1600,1600,33460,3877a98280bb219b82bf675628943ad50c3abec701897564c38f228f6e2fe700,NOT_INTEGRATED,PASS,max 1600x1600; object-contain compatible; metadata stripped; no upscale,INHERITED_FROM_CERTIFIED_BANK_MATCH
281162ef-db87-44ee-a526-f3bd8ad0868e,esf-sol-pla,Boligrafos plastico.zip,Boligrafos plastico/Esfera touch plata clip copy.jpg,MASTER,esf-sol-pla/esf-sol-pla_master.webp,WEBP,1600,1600,53512,d254e758a589b938d8800719698761d880a7b8d0e3175fc46a1ebce03a000d28,NOT_INTEGRATED,PASS,max 1600x1600; object-contain compatible; metadata stripped; no upscale,INHERITED_FROM_CERTIFIED_BANK_MATCH
281162ef-db87-44ee-a526-f3bd8ad0868e,esf-sol-pla,Boligrafos plastico.zip,Boligrafos plastico/Esfera touch plata copy.jpg,SECONDARY_1,esf-sol-pla/esf-sol-pla_secondary_1.webp,WEBP,1600,1600,54268,2484134e38637be2d08fee584dea47a7d62a13042954a67bd263e527cca1c62d,NOT_INTEGRATED,PASS,max 1600x1600; object-contain compatible; metadata stripped; no upscale,INHERITED_FROM_CERTIFIED_BANK_MATCH
e0ae709b-b9d4-40eb-84b5-1c9128f20529,esf-sol-roj,Boligrafos plastico.zip,Boligrafos plastico/Esfera touch roja clip copy.jpg,MASTER,esf-sol-roj/esf-sol-roj_master.webp,WEBP,1600,1600,48836,b53c16734731e89960b23c363799a508fac353672f39d29b0ef6692720203be2,NOT_INTEGRATED,PASS,max 1600x1600; object-contain compatible; metadata stripped; no upscale,INHERITED_FROM_CERTIFIED_BANK_MATCH
e0ae709b-b9d4-40eb-84b5-1c9128f20529,esf-sol-roj,Boligrafos plastico.zip,Boligrafos plastico/Esfera touch rojo copy.jpg,SECONDARY_1,esf-sol-roj/esf-sol-roj_secondary_1.webp,WEBP,1600,1600,44944,0d440ba365a79be5ca5008e2f9902b37a2c0e2592386efe2b784671c869d7f4a,NOT_INTEGRATED,PASS,max 1600x1600; object-contain compatible; metadata stripped; no upscale,INHERITED_FROM_CERTIFIED_BANK_MATCH
92178873-1d42-4d0a-88c0-8fbcf71c98ae,imp-met-azu,Boligrafos metal.zip,Boligrafos metal/Impala azul destapada copy.jpg,MASTER,imp-met-azu/imp-met-azu_master.webp,WEBP,1600,707,6186,094a7366fdf1cd0a52396e741673a36e9acef73e2b31967f451d23cb6e13f8a0,NOT_INTEGRATED,PASS,max 1600x1600; object-contain compatible; metadata stripped; no upscale,INHERITED_FROM_CERTIFIED_BANK_MATCH
92178873-1d42-4d0a-88c0-8fbcf71c98ae,imp-met-azu,Boligrafos metal.zip,Boligrafos metal/Impala azul clip copy.jpg,SECONDARY_1,imp-met-azu/imp-met-azu_secondary_1.webp,WEBP,1600,222,3210,39bbe4ef02d34fc3eae611c1d1b0ab9f3bf53a55729414962c3e6c9e3df859f3,NOT_INTEGRATED,PASS,max 1600x1600; object-contain compatible; metadata stripped; no upscale,INHERITED_FROM_CERTIFIED_BANK_MATCH
215d2e8e-1c87-4b1d-8bf3-310de2d13c56,imp-met-neg,Boligrafos metal.zip,Boligrafos metal/Impala negra clip copy.jpg,MASTER,imp-met-neg/imp-met-neg_master.webp,WEBP,1600,232,2810,ae6664bb7a0afcc3a79355eeab51d666652dc061265349bf2c985af5b896f89b,NOT_INTEGRATED,PASS,max 1600x1600; object-contain compatible; metadata stripped; no upscale,INHERITED_FROM_CERTIFIED_BANK_MATCH
215d2e8e-1c87-4b1d-8bf3-310de2d13c56,imp-met-neg,Boligrafos metal.zip,Boligrafos metal/Impala negra copy.jpg,SECONDARY_1,imp-met-neg/imp-met-neg_secondary_1.webp,WEBP,1600,1600,19940,52bccb071c3aea45588beca5d6060fed20a31e65bd2175c5d83ab82e8d21f275,NOT_INTEGRATED,PASS,max 1600x1600; object-contain compatible; metadata stripped; no upscale,INHERITED_FROM_CERTIFIED_BANK_MATCH
84c4ff13-0543-40c2-952d-fb723b1488cd,imp-met-roj,Boligrafos metal.zip,Boligrafos metal/Impala roja clip copy.jpg,MASTER,imp-met-roj/imp-met-roj_master.webp,WEBP,1600,221,3362,51d4748bf39f518f2bf704169e5b57426e70ff0ab01b38e29c2936258d4e40ec,NOT_INTEGRATED,PASS,max 1600x1600; object-contain compatible; metadata stripped; no upscale,INHERITED_FROM_CERTIFIED_BANK_MATCH
84c4ff13-0543-40c2-952d-fb723b1488cd,imp-met-roj,Boligrafos metal.zip,Boligrafos metal/Impala roja copy.jpg,SECONDARY_1,imp-met-roj/imp-met-roj_secondary_1.webp,WEBP,1600,1600,29308,76fb53ea6f91ac5b179f5a1678516977a7f5b5d6b329b22bd29819c8b7d44238,NOT_INTEGRATED,PASS,max 1600x1600; object-contain compatible; metadata stripped; no upscale,INHERITED_FROM_CERTIFIED_BANK_MATCH
051a987e-2fec-4885-bf6f-0363fc555dbf,imp-sol-ace,Boligrafos metal.zip,Boligrafos metal/Imperial acero destapada copy.jpg,MASTER,imp-sol-ace/imp-sol-ace_master.webp,WEBP,1600,1600,20468,bfa67eada6a6a8a0c8d36fdb6c71bad9d700b92150002b9ba4b0c178b9ad28bb,NOT_INTEGRATED,PASS,max 1600x1600; object-contain compatible; metadata stripped; no upscale,INHERITED_FROM_CERTIFIED_BANK_MATCH
051a987e-2fec-4885-bf6f-0363fc555dbf,imp-sol-ace,Boligrafos metal.zip,Boligrafos metal/Imperial acero destapada.jpg,SECONDARY_1,imp-sol-ace/imp-sol-ace_secondary_1.webp,WEBP,1600,1600,17954,3fa577e174805dd3b0a0056d99e17e313a19e0d8c45de5d161d92b9f67be7c2d,NOT_INTEGRATED,PASS,max 1600x1600; object-contain compatible; metadata stripped; no upscale,INHERITED_FROM_CERTIFIED_BANK_MATCH
8152b5a4-3cae-4c97-95f1-8ae36dc73ea0,imp-sol-azu,Boligrafos metal.zip,Boligrafos metal/imperial azul_plata sin tapon.jpg,MASTER,imp-sol-azu/imp-sol-azu_master.webp,WEBP,1600,1600,36460,9e53d906ea811824591896c6984c998db5ca874e0fb4a509d47a18cdfc3f38fb,NOT_INTEGRATED,PASS,max 1600x1600; object-contain compatible; metadata stripped; no upscale,INHERITED_FROM_CERTIFIED_BANK_MATCH
8152b5a4-3cae-4c97-95f1-8ae36dc73ea0,imp-sol-azu,Boligrafos metal.zip,Boligrafos metal/imperial azul plata sin clip.jpg,SECONDARY_1,imp-sol-azu/imp-sol-azu_secondary_1.webp,WEBP,1600,1600,41846,87257bceea436314083c57d262de4e022b53ea36d09589c222428ab7d1037424,NOT_INTEGRATED,PASS,max 1600x1600; object-contain compatible; metadata stripped; no upscale,INHERITED_FROM_CERTIFIED_BANK_MATCH
6f0f3ab5-c092-4b89-97f9-519f92852530,imp-sol-mor,Boligrafos metal.zip,Boligrafos metal/imperial morada clip.jpg,MASTER,imp-sol-mor/imp-sol-mor_master.webp,WEBP,1600,1600,58934,3f947ad5c7a0b66f30281762bd6ae2c74ceee84b5895d94872847137394e9fb5,NOT_INTEGRATED,PASS,max 1600x1600; object-contain compatible; metadata stripped; no upscale,INHERITED_FROM_CERTIFIED_BANK_MATCH
6f0f3ab5-c092-4b89-97f9-519f92852530,imp-sol-mor,Boligrafos metal.zip,Boligrafos metal/imperial morada costado.jpg,SECONDARY_1,imp-sol-mor/imp-sol-mor_secondary_1.webp,WEBP,1600,1600,53388,9f55afd11bcffb4b4375b74f11bcf2663e1f10672d28ee1a932d76e1473b76f0,NOT_INTEGRATED,PASS,max 1600x1600; object-contain compatible; metadata stripped; no upscale,INHERITED_FROM_CERTIFIED_BANK_MATCH
7e09a141-a116-48a9-bc9b-35f2b0898045,jbi-con-azu,Boligrafos plastico.zip,Boligrafos plastico/Jello Colors Bio Azul Frente.jpg,MASTER,jbi-con-azu/jbi-con-azu_master.webp,WEBP,1600,1600,25126,42f16da57b5adfc1f0cb74fa144db73e090724dfe27564eb4bc912b56735b04a,NOT_INTEGRATED,PASS,max 1600x1600; object-contain compatible; metadata stripped; no upscale,INHERITED_FROM_CERTIFIED_BANK_MATCH
7e09a141-a116-48a9-bc9b-35f2b0898045,jbi-con-azu,Boligrafos plastico.zip,Boligrafos plastico/Jello Colors Bio Azul Rosa Frente.jpg,SECONDARY_1,jbi-con-azu/jbi-con-azu_secondary_1.webp,WEBP,1600,1600,27718,382bdb4ed35c5d1c4d8975f250750ea547db5fbed8baf443c1606110d01cc27d,NOT_INTEGRATED,PASS,max 1600x1600; object-contain compatible; metadata stripped; no upscale,INHERITED_FROM_CERTIFIED_BANK_MATCH
86e37a17-1401-4c09-9333-af98048a164a,jbi-con-bla,Boligrafos plastico.zip,Boligrafos plastico/Jello Colors Bio Blanca Frente.jpg,MASTER,jbi-con-bla/jbi-con-bla_master.webp,WEBP,1600,1600,22276,5cce3391b76f64df554e7d507c1786af97e1d0494ba34a1c7015be906f54c820,NOT_INTEGRATED,PASS,max 1600x1600; object-contain compatible; metadata stripped; no upscale,INHERITED_FROM_CERTIFIED_BANK_MATCH
86e37a17-1401-4c09-9333-af98048a164a,jbi-con-bla,Boligrafos plastico.zip,Boligrafos plastico/Jello Colors Bio Blanca Clip.jpg,SECONDARY_1,jbi-con-bla/jbi-con-bla_secondary_1.webp,WEBP,1600,1600,37878,19037860210fa19d0196361f3894dd784b1a0f2bc6815b3c131e7a746e320e64,NOT_INTEGRATED,PASS,max 1600x1600; object-contain compatible; metadata stripped; no upscale,INHERITED_FROM_CERTIFIED_BANK_MATCH
5132e5bc-c81d-4553-b484-22baa2666936,jbi-con-mor,Boligrafos plastico.zip,Boligrafos plastico/Jello Colors Bio Morado Frente.jpg,MASTER,jbi-con-mor/jbi-con-mor_master.webp,WEBP,1600,1600,27258,26a2a76653bfb89cd62693823adf34db927111d7252f01116f314766aebafc4a,NOT_INTEGRATED,PASS,max 1600x1600; object-contain compatible; metadata stripped; no upscale,INHERITED_FROM_CERTIFIED_BANK_MATCH
5132e5bc-c81d-4553-b484-22baa2666936,jbi-con-mor,Boligrafos plastico.zip,Boligrafos plastico/Jello Colors Bio Morado Clip.jpg,SECONDARY_1,jbi-con-mor/jbi-con-mor_secondary_1.webp,WEBP,1600,1600,30220,b1fe73b754ed391702a4bf9ef5f89d5cb70af05f368b0320f781a95a7d979ce8,NOT_INTEGRATED,PASS,max 1600x1600; object-contain compatible; metadata stripped; no upscale,INHERITED_FROM_CERTIFIED_BANK_MATCH
97f477fa-1376-4aa2-853a-e1e76291a333,jbi-con-nar,Boligrafos plastico.zip,Boligrafos plastico/Jello Colors Bio Naranja Frente.jpg,MASTER,jbi-con-nar/jbi-con-nar_master.webp,WEBP,1600,1600,30416,39a96a65f6c1e0aac337104a92e79be028ad587cf886a6be691c6620b2fff3c4,NOT_INTEGRATED,PASS,max 1600x1600; object-contain compatible; metadata stripped; no upscale,INHERITED_FROM_CERTIFIED_BANK_MATCH
97f477fa-1376-4aa2-853a-e1e76291a333,jbi-con-nar,Boligrafos plastico.zip,Boligrafos plastico/Jello Colors Bio Naranja Clip.jpg,SECONDARY_1,jbi-con-nar/jbi-con-nar_secondary_1.webp,WEBP,1600,1600,36122,99a4e5f4e96b36d460b8d3423b4b134b869779506ed4a22ba7cce9c19aca6490,NOT_INTEGRATED,PASS,max 1600x1600; object-contain compatible; metadata stripped; no upscale,INHERITED_FROM_CERTIFIED_BANK_MATCH
0c5fd12d-e232-4c0c-ae64-5524da62cdf9,jbi-con-neg,Boligrafos plastico.zip,Boligrafos plastico/Jello Colors Bio Negra Frente.jpg,MASTER,jbi-con-neg/jbi-con-neg_master.webp,WEBP,1600,1600,18934,8a576934ce8609c31cd3c21d8c721b0c85eb31ee9d25cf132fbeb8f3e3d067c4,NOT_INTEGRATED,PASS,max 1600x1600; object-contain compatible; metadata stripped; no upscale,INHERITED_FROM_CERTIFIED_BANK_MATCH
0c5fd12d-e232-4c0c-ae64-5524da62cdf9,jbi-con-neg,Boligrafos plastico.zip,Boligrafos plastico/Jello Colors Bio Negra Clip.jpg,SECONDARY_1,jbi-con-neg/jbi-con-neg_secondary_1.webp,WEBP,1600,1600,20846,a8b1979f1d3eecdac551066b9ad1de5477a3df21a5f9e52ccb82ed0bc20e1b51,NOT_INTEGRATED,PASS,max 1600x1600; object-contain compatible; metadata stripped; no upscale,INHERITED_FROM_CERTIFIED_BANK_MATCH
525843c9-a8c7-4ef2-8456-2c785210b38d,jbi-con-roj,Boligrafos plastico.zip,Boligrafos plastico/Jello Colors Bio Roja Frente.jpg,MASTER,jbi-con-roj/jbi-con-roj_master.webp,WEBP,1600,1600,29264,16827ee2f3f41b56db3996d4f389ea26714b84be6d4d57c864d7554c17c2683e,NOT_INTEGRATED,PASS,max 1600x1600; object-contain compatible; metadata stripped; no upscale,INHERITED_FROM_CERTIFIED_BANK_MATCH
525843c9-a8c7-4ef2-8456-2c785210b38d,jbi-con-roj,Boligrafos plastico.zip,Boligrafos plastico/Jello Colors Bio Roja Clip.jpg,SECONDARY_1,jbi-con-roj/jbi-con-roj_secondary_1.webp,WEBP,1600,1600,31434,003de3ffdf3804db5595285743f4c84b3bb15b6f23adb55731e6946713b68e8d,NOT_INTEGRATED,PASS,max 1600x1600; object-contain compatible; metadata stripped; no upscale,INHERITED_FROM_CERTIFIED_BANK_MATCH
d129e6c7-ec52-4d0b-a304-33f7c9c1b316,jbi-con-ros,Boligrafos plastico.zip,Boligrafos plastico/Jello Colors Bio Rosa Costado.jpg,MASTER,jbi-con-ros/jbi-con-ros_master.webp,WEBP,1600,1600,26090,b3e3616f28efed436fad6bd220d2ec108ee6ff73988b1227d26fb57d324dadf6,NOT_INTEGRATED,PASS,max 1600x1600; object-contain compatible; metadata stripped; no upscale,INHERITED_FROM_CERTIFIED_BANK_MATCH
2df54270-7a16-4c8e-9966-6d9f897a80fe,jbi-con-ver,Boligrafos plastico.zip,Boligrafos plastico/Jello Colors Bio Verde Frente.jpg,MASTER,jbi-con-ver/jbi-con-ver_master.webp,WEBP,1600,1600,26958,a42accb571df20818d4b3b652eacb36cab22b149750ed5cd92660e95cf05a203,NOT_INTEGRATED,PASS,max 1600x1600; object-contain compatible; metadata stripped; no upscale,INHERITED_FROM_CERTIFIED_BANK_MATCH
2df54270-7a16-4c8e-9966-6d9f897a80fe,jbi-con-ver,Boligrafos plastico.zip,Boligrafos plastico/Jello Colors Bio Verde Clip.jpg,SECONDARY_1,jbi-con-ver/jbi-con-ver_secondary_1.webp,WEBP,1600,1600,30872,66a0bd5e1ccd25fd8d33022918cb75427a621b36e35bf7a3981f932083e67869,NOT_INTEGRATED,PASS,max 1600x1600; object-contain compatible; metadata stripped; no upscale,INHERITED_FROM_CERTIFIED_BANK_MATCH
eb35ff6c-1d67-4630-8799-2df62b95e79a,jel-zen-azu,Boligrafos plastico.zip,Boligrafos plastico/Jello zen azul clip copy.jpg,MASTER,jel-zen-azu/jel-zen-azu_master.webp,WEBP,1600,1600,33980,62ad2450ad92327d7dbbf3daf9e3582179996acc9dd7fc07abd98966493f4c3c,NOT_INTEGRATED,PASS,max 1600x1600; object-contain compatible; metadata stripped; no upscale,INHERITED_FROM_CERTIFIED_BANK_MATCH
eb35ff6c-1d67-4630-8799-2df62b95e79a,jel-zen-azu,Boligrafos plastico.zip,Boligrafos plastico/Jello zen azul copy.jpg,SECONDARY_1,jel-zen-azu/jel-zen-azu_secondary_1.webp,WEBP,1600,1600,33014,3bb0c3bda10a6d33433ba131a2ec43c253eae543184d5d989a860c3ad4cc675c,NOT_INTEGRATED,PASS,max 1600x1600; object-contain compatible; metadata stripped; no upscale,INHERITED_FROM_CERTIFIED_BANK_MATCH
257c8564-6cbd-4bf2-87ec-d41685404f0e,jel-zen-mor,Boligrafos plastico.zip,Boligrafos plastico/Jello zen morado clip copy.jpg,MASTER,jel-zen-mor/jel-zen-mor_master.webp,WEBP,1600,1600,31522,5530d4e25804cd89b2c13f0ffb897f0fa16d4e968e3712ffd9f5b841fc74de22,NOT_INTEGRATED,PASS,max 1600x1600; object-contain compatible; metadata stripped; no upscale,INHERITED_FROM_CERTIFIED_BANK_MATCH
257c8564-6cbd-4bf2-87ec-d41685404f0e,jel-zen-mor,Boligrafos plastico.zip,Boligrafos plastico/Jello zen morado copy.jpg,SECONDARY_1,jel-zen-mor/jel-zen-mor_secondary_1.webp,WEBP,1600,1600,30548,58271a5dab22472907fc378dbd8e9a746980869b10c9fd096e82b5fa0d1a0b12,NOT_INTEGRATED,PASS,max 1600x1600; object-contain compatible; metadata stripped; no upscale,INHERITED_FROM_CERTIFIED_BANK_MATCH
8fabd846-9aea-4765-829c-a877ff1e739b,jel-zen-nar,Boligrafos plastico.zip,Boligrafos plastico/Jello zen naranja clip copy.jpg,MASTER,jel-zen-nar/jel-zen-nar_master.webp,WEBP,1600,1600,34696,ebf7d14ad2bd7c1b45fb925cf205d4a2dec97b8c02e1b9f9837c5f33312e1c8a,NOT_INTEGRATED,PASS,max 1600x1600; object-contain compatible; metadata stripped; no upscale,INHERITED_FROM_CERTIFIED_BANK_MATCH
8fabd846-9aea-4765-829c-a877ff1e739b,jel-zen-nar,Boligrafos plastico.zip,Boligrafos plastico/Jello zen naranja copy.jpg,SECONDARY_1,jel-zen-nar/jel-zen-nar_secondary_1.webp,WEBP,1600,1600,33806,db51c1f0ae333453f85bfa75e93cc4659715f04b680a1ad4cd3a9c24bbf50161,NOT_INTEGRATED,PASS,max 1600x1600; object-contain compatible; metadata stripped; no upscale,INHERITED_FROM_CERTIFIED_BANK_MATCH
4a1ba2c2-dbf0-4ac0-bf77-9a2155abf736,jel-zen-roj,Boligrafos plastico.zip,Boligrafos plastico/Jello zen rojo clip copy.jpg,MASTER,jel-zen-roj/jel-zen-roj_master.webp,WEBP,1600,1600,33038,95e8c3142534ea89a88bd7315e62603b76abc78d3e351ca65ee250ee226ce580,NOT_INTEGRATED,PASS,max 1600x1600; object-contain compatible; metadata stripped; no upscale,INHERITED_FROM_CERTIFIED_BANK_MATCH
4a1ba2c2-dbf0-4ac0-bf77-9a2155abf736,jel-zen-roj,Boligrafos plastico.zip,Boligrafos plastico/Jello zen rojo copy.jpg,SECONDARY_1,jel-zen-roj/jel-zen-roj_secondary_1.webp,WEBP,1600,1600,31648,d55a98de7580ace691524bd6a74daa27ddfaa0d6da3e2c674c3975a380adc029,NOT_INTEGRATED,PASS,max 1600x1600; object-contain compatible; metadata stripped; no upscale,INHERITED_FROM_CERTIFIED_BANK_MATCH
9287b3dd-d356-4bf6-b41c-c0728cbfaadb,jel-zen-ver,Boligrafos plastico.zip,Boligrafos plastico/Jello zen verde clip copy.jpg,MASTER,jel-zen-ver/jel-zen-ver_master.webp,WEBP,1600,1600,33562,3c15b0454a361be90b276d80c7e41d971e5826020a5f55e0f0f1be2b33aa23cf,NOT_INTEGRATED,PASS,max 1600x1600; object-contain compatible; metadata stripped; no upscale,INHERITED_FROM_CERTIFIED_BANK_MATCH
9287b3dd-d356-4bf6-b41c-c0728cbfaadb,jel-zen-ver,Boligrafos plastico.zip,Boligrafos plastico/Jello zen verde copy.jpg,SECONDARY_1,jel-zen-ver/jel-zen-ver_secondary_1.webp,WEBP,1600,1600,32602,c39264a777bef61aff47fa2d53bf3371a054107b0ea5a14e9abe47c30132f9f8,NOT_INTEGRATED,PASS,max 1600x1600; object-contain compatible; metadata stripped; no upscale,INHERITED_FROM_CERTIFIED_BANK_MATCH
7955df9c-8e9c-4203-9f65-505faf5d69cb,lib-bor-azu,Libretas.zip,Libretas/Libreta border azul frente copy.jpg,MASTER,lib-bor-azu/lib-bor-azu_master.webp,WEBP,1600,1600,26516,a8511c53b7c1657371e898e6995e3a5cb6c14bf01d5a78b8e7a95c083668ae4f,NOT_INTEGRATED,PASS,max 1600x1600; object-contain compatible; metadata stripped; no upscale,INHERITED_FROM_CERTIFIED_BANK_MATCH
7955df9c-8e9c-4203-9f65-505faf5d69cb,lib-bor-azu,Libretas.zip,Libretas/libreta border azul costado copy.jpg,SECONDARY_1,lib-bor-azu/lib-bor-azu_secondary_1.webp,WEBP,1600,1600,46764,4319f224c6b5d049954b9b44b16c987401a1b903fedf65e0b69893a162440392,NOT_INTEGRATED,PASS,max 1600x1600; object-contain compatible; metadata stripped; no upscale,INHERITED_FROM_CERTIFIED_BANK_MATCH
cdbc4c33-913e-4b17-b955-563b680f270d,lib-bor-mor,Libretas.zip,Libretas/Libreta border morado frente copy.jpg,MASTER,lib-bor-mor/lib-bor-mor_master.webp,WEBP,1600,1600,27978,745633913fc9ec4a9408d6fa701f13acc60f893dbed13bf0f59dc9597c449e59,NOT_INTEGRATED,PASS,max 1600x1600; object-contain compatible; metadata stripped; no upscale,INHERITED_FROM_CERTIFIED_BANK_MATCH
cdbc4c33-913e-4b17-b955-563b680f270d,lib-bor-mor,Libretas.zip,Libretas/libreta border morado costado copy.jpg,SECONDARY_1,lib-bor-mor/lib-bor-mor_secondary_1.webp,WEBP,1600,1600,39430,1fb90920e537e6478d435264afa61180675fa2e692094486724c0c39173e6db0,NOT_INTEGRATED,PASS,max 1600x1600; object-contain compatible; metadata stripped; no upscale,INHERITED_FROM_CERTIFIED_BANK_MATCH
bf3aa544-b90d-4d81-b8fe-5f36a48efaf6,lib-bor-nar,Libretas.zip,Libretas/Libreta border naranja frente copy.jpg,MASTER,lib-bor-nar/lib-bor-nar_master.webp,WEBP,1600,1600,38476,4b20db9fd92d58fcdacf9c9cd1ef5f5ed7b1d00d7b36b33771dc6a4e8490555e,NOT_INTEGRATED,PASS,max 1600x1600; object-contain compatible; metadata stripped; no upscale,INHERITED_FROM_CERTIFIED_BANK_MATCH
bf3aa544-b90d-4d81-b8fe-5f36a48efaf6,lib-bor-nar,Libretas.zip,Libretas/libreta border naranja costado copy.jpg,SECONDARY_1,lib-bor-nar/lib-bor-nar_secondary_1.webp,WEBP,1600,1600,49292,427cde5c9fe4343ac5403d136c71cd5091d4991f7755732e0366eb43a14979b0,NOT_INTEGRATED,PASS,max 1600x1600; object-contain compatible; metadata stripped; no upscale,INHERITED_FROM_CERTIFIED_BANK_MATCH
6e450621-8dce-464d-a943-cec7b2064fb7,lib-bor-roj,Libretas.zip,Libretas/Libreta border roja frente copy.jpg,MASTER,lib-bor-roj/lib-bor-roj_master.webp,WEBP,1600,1600,36590,fba444fa405de25943057753acb638f37997a7edb30b3c89ac5f6ba502633cbf,NOT_INTEGRATED,PASS,max 1600x1600; object-contain compatible; metadata stripped; no upscale,INHERITED_FROM_CERTIFIED_BANK_MATCH
6e450621-8dce-464d-a943-cec7b2064fb7,lib-bor-roj,Libretas.zip,Libretas/libreta border roja costado copy.jpg,SECONDARY_1,lib-bor-roj/lib-bor-roj_secondary_1.webp,WEBP,1600,1600,53050,080328c3f1f6b3d65fd06a268650b1ee6dff8954a856ecde68582c6154371f4f,NOT_INTEGRATED,PASS,max 1600x1600; object-contain compatible; metadata stripped; no upscale,INHERITED_FROM_CERTIFIED_BANK_MATCH
212ed9a3-b95e-4d0e-9ac2-a62d001bc53c,lib-bor-ver,Libretas.zip,Libretas/Libreta border verde frente copy.jpg,MASTER,lib-bor-ver/lib-bor-ver_master.webp,WEBP,1600,1600,37148,63c10ea315f6df362e5ec963043c049a8441f0ed88ac3782f256679dfab155c7,NOT_INTEGRATED,PASS,max 1600x1600; object-contain compatible; metadata stripped; no upscale,INHERITED_FROM_CERTIFIED_BANK_MATCH
212ed9a3-b95e-4d0e-9ac2-a62d001bc53c,lib-bor-ver,Libretas.zip,Libretas/libreta border verde costado copy.jpg,SECONDARY_1,lib-bor-ver/lib-bor-ver_secondary_1.webp,WEBP,1600,1600,39798,951a88ab2783afaf23cf06639bf5937b0f4b5fde78368e5fb56b5c1c5a008586,NOT_INTEGRATED,PASS,max 1600x1600; object-contain compatible; metadata stripped; no upscale,INHERITED_FROM_CERTIFIED_BANK_MATCH
570e2191-b0e8-4671-80bb-bc57e426ab2f,lib-pea-roj,Libretas.zip,Libretas/LIbreta Peach Roja Frente.jpg,MASTER,lib-pea-roj/lib-pea-roj_master.webp,WEBP,1600,1600,63536,4181ead11ce1bf0eb9350c51853bb28c94342462175f23c90d6f93c33b791eab,NOT_INTEGRATED,PASS,max 1600x1600; object-contain compatible; metadata stripped; no upscale,INHERITED_FROM_CERTIFIED_BANK_MATCH
570e2191-b0e8-4671-80bb-bc57e426ab2f,lib-pea-roj,Libretas.zip,Libretas/LIbreta Peach Roja Reverso.jpg,SECONDARY_1,lib-pea-roj/lib-pea-roj_secondary_1.webp,WEBP,1600,1600,54474,9f9cca9f0b3ea085008aa35079ce2a264b57c13d04144b12a2f22eb90049dfd7,NOT_INTEGRATED,PASS,max 1600x1600; object-contain compatible; metadata stripped; no upscale,INHERITED_FROM_CERTIFIED_BANK_MATCH
b0d0f276-2d75-41d3-8b3d-9eea1dd4186d,lib-pes-roj,Libretas.zip,Libretas/Libreta Peach Espiral Roja Frente.jpg,MASTER,lib-pes-roj/lib-pes-roj_master.webp,WEBP,1600,1600,96772,981eeb40dda41b17a67ba32b692fb533eebf338de52a9b59a00dddc6c040ed05,NOT_INTEGRATED,PASS,max 1600x1600; object-contain compatible; metadata stripped; no upscale,INHERITED_FROM_CERTIFIED_BANK_MATCH
b0d0f276-2d75-41d3-8b3d-9eea1dd4186d,lib-pes-roj,Libretas.zip,Libretas/Libreta Peach Espiral Roja Perspectiva 2.jpg,SECONDARY_1,lib-pes-roj/lib-pes-roj_secondary_1.webp,WEBP,1600,1600,97586,eaaaa90e492618712b588629583bada6947bb66ec194815a0411dcaeee905d80,NOT_INTEGRATED,PASS,max 1600x1600; object-contain compatible; metadata stripped; no upscale,INHERITED_FROM_CERTIFIED_BANK_MATCH
29f10818-77e0-4884-85a7-3032ea84190c,lib-peg-roj,Libretas.zip,Libretas/Libreta Peach Grande Roja Frente.jpg,MASTER,lib-peg-roj/lib-peg-roj_master.webp,WEBP,1600,1600,45234,867d681535de4db8e0de76fdfd690a456da352da6b3e428eaf3948d18edf2033,NOT_INTEGRATED,PASS,max 1600x1600; object-contain compatible; metadata stripped; no upscale,INHERITED_FROM_CERTIFIED_BANK_MATCH
29f10818-77e0-4884-85a7-3032ea84190c,lib-peg-roj,Libretas.zip,Libretas/Libreta Peach Grande Roja Reverso.jpg,SECONDARY_1,lib-peg-roj/lib-peg-roj_secondary_1.webp,WEBP,1600,1600,43404,5e6614703de247f90052993aa7bcfc5a032ca148a26dae32b5fed19ec0546fa5,NOT_INTEGRATED,PASS,max 1600x1600; object-contain compatible; metadata stripped; no upscale,INHERITED_FROM_CERTIFIED_BANK_MATCH
6420670f-e03a-4766-8dde-d306d32cb67b,lib-rok-ama,Libretas.zip,Libretas/Libreta Rock Amarilla.png,MASTER,lib-rok-ama/lib-rok-ama_master.webp,WEBP,1600,1600,40678,0da55c89fcd8ff6563370c766248ee8e106bfcd1152a611305d5c6dd4781e83a,NOT_INTEGRATED,PASS,max 1600x1600; object-contain compatible; metadata stripped; no upscale,INHERITED_FROM_CERTIFIED_BANK_MATCH
51ed7e10-dac4-4f33-aff1-6d36849b05e8,lib-rok-azu,Libretas.zip,Libretas/Libreta Rock Azul.png,MASTER,lib-rok-azu/lib-rok-azu_master.webp,WEBP,1600,1600,25010,28fff879dbc97c7e59fe8202b217e70022ae0006aaf264e48900077cd5b4e7ba,NOT_INTEGRATED,PASS,max 1600x1600; object-contain compatible; metadata stripped; no upscale,INHERITED_FROM_CERTIFIED_BANK_MATCH
55fd5d5c-01c4-4e46-827d-3c60c010352c,lib-rok-nar,Libretas.zip,Libretas/Libreta Rock Naranja.png,MASTER,lib-rok-nar/lib-rok-nar_master.webp,WEBP,1600,1600,35714,83ee2ab801fd27c7ab240d8bdb112418003672e5dd64acd88f5c264ba59348c4,NOT_INTEGRATED,PASS,max 1600x1600; object-contain compatible; metadata stripped; no upscale,INHERITED_FROM_CERTIFIED_BANK_MATCH
87f35e46-8545-4446-99ad-dea30bae70c9,lib-rok-neg,Libretas.zip,Libretas/Libreta Rock Negra.png,MASTER,lib-rok-neg/lib-rok-neg_master.webp,WEBP,1600,1600,18358,aee9e925192ed298950da839ee3a7f4e7cad2238fc2df313570b43d24dba4e76,NOT_INTEGRATED,PASS,max 1600x1600; object-contain compatible; metadata stripped; no upscale,INHERITED_FROM_CERTIFIED_BANK_MATCH
4cc7b911-c231-42b8-b9df-8a2f462e452b,lib-rok-roj,Libretas.zip,Libretas/Libreta Rock Roja.png,MASTER,lib-rok-roj/lib-rok-roj_master.webp,WEBP,1600,1600,30620,4e673e89ccdac644b9a67a7fc2e47f34ad61f0c2b228439ce946b61fa1e6fb64,NOT_INTEGRATED,PASS,max 1600x1600; object-contain compatible; metadata stripped; no upscale,INHERITED_FROM_CERTIFIED_BANK_MATCH
a0db9abc-7477-49d1-8423-a55b7de0ee7e,lib-rok-ver,Libretas.zip,Libretas/Libreta Rock Verde.png,MASTER,lib-rok-ver/lib-rok-ver_master.webp,WEBP,1600,1600,22898,ee0d11556c379a1c889d9257900ce99326021d12457b7faaa9b5517c2996cc38,NOT_INTEGRATED,PASS,max 1600x1600; object-contain compatible; metadata stripped; no upscale,INHERITED_FROM_CERTIFIED_BANK_MATCH
57c9d016-dd93-4d26-94a8-324a67a2026f,lib-ski-bla,Libretas.zip,Libretas/Libreta skin Blanco Reverso.jpg,MASTER,lib-ski-bla/lib-ski-bla_master.webp,WEBP,1600,1600,28998,16fa67be5329e1b1112d81214f525866168f9bc75dcec58fa71654232fbeecb2,NOT_INTEGRATED,PASS,max 1600x1600; object-contain compatible; metadata stripped; no upscale,INHERITED_FROM_CERTIFIED_BANK_MATCH
57c9d016-dd93-4d26-94a8-324a67a2026f,lib-ski-bla,Libretas.zip,Libretas/Libreta skin Blanco.jpg,SECONDARY_1,lib-ski-bla/lib-ski-bla_secondary_1.webp,WEBP,1600,1600,52998,e9b9541837916eda6a82cb2bbf20e72e8f92ccb4318a3afabf062eb28e2f6df7,NOT_INTEGRATED,PASS,max 1600x1600; object-contain compatible; metadata stripped; no upscale,INHERITED_FROM_CERTIFIED_BANK_MATCH
545aa652-6d0e-4f03-87cf-2bb836280118,lib-ski-mie,Libretas.zip,Libretas/Libreta skin Miel.jpg,MASTER,lib-ski-mie/lib-ski-mie_master.webp,WEBP,1600,1600,111954,98c73839da09b117fd654f2973582a7917473f1541fcf173bf6f1fa626473988,NOT_INTEGRATED,PASS,max 1600x1600; object-contain compatible; metadata stripped; no upscale,INHERITED_FROM_CERTIFIED_BANK_MATCH
275093c7-3cd0-49c6-8c0b-c7ac48396506,lib-ski-mor,Libretas.zip,Libretas/Libreta skin morada reverso copy.jpg,MASTER,lib-ski-mor/lib-ski-mor_master.webp,WEBP,1600,1600,62816,013b4709789de434489d6fb3f529e69a68ef25d61b01df31e06025bbc0d25ccf,NOT_INTEGRATED,PASS,max 1600x1600; object-contain compatible; metadata stripped; no upscale,INHERITED_FROM_CERTIFIED_BANK_MATCH
275093c7-3cd0-49c6-8c0b-c7ac48396506,lib-ski-mor,Libretas.zip,Libretas/Libreta skin morada copy.jpg,SECONDARY_1,lib-ski-mor/lib-ski-mor_secondary_1.webp,WEBP,1600,1600,42810,9724c30db92ea566f0ecb22d4d64f46ed8962fb7f89424eed3f90cf319d035d3,NOT_INTEGRATED,PASS,max 1600x1600; object-contain compatible; metadata stripped; no upscale,INHERITED_FROM_CERTIFIED_BANK_MATCH
0212a55c-4c59-4ebb-8ea0-b1eb2e01fc44,lib-ski-neg,Libretas.zip,Libretas/Libreta skin negra copia.jpg,MASTER,lib-ski-neg/lib-ski-neg_master.webp,WEBP,1600,1600,30442,4b624e4205b272051aa5c91728971acaa7b21837a9a4874d1b4a36e0755b0bf5,NOT_INTEGRATED,PASS,max 1600x1600; object-contain compatible; metadata stripped; no upscale,INHERITED_FROM_CERTIFIED_BANK_MATCH
0212a55c-4c59-4ebb-8ea0-b1eb2e01fc44,lib-ski-neg,Libretas.zip,Libretas/Libreta skin negra Reverso.jpg,SECONDARY_1,lib-ski-neg/lib-ski-neg_secondary_1.webp,WEBP,1600,1600,27830,7c6c3046328df354b14e8bbf1dc17963ce3f6008f0ffad801c0d8a6b9cc4db5e,NOT_INTEGRATED,PASS,max 1600x1600; object-contain compatible; metadata stripped; no upscale,INHERITED_FROM_CERTIFIED_BANK_MATCH
6e48dd5c-a9ed-4fcc-ad5c-b02cf8358d20,lib-ski-roj,Libretas.zip,Libretas/Libreta skin roja copia.jpg,MASTER,lib-ski-roj/lib-ski-roj_master.webp,WEBP,1600,1600,108580,f694533efa5cdb7c9c7fb7dd251f1188332158bc11285f49a5751859b5cbb64b,NOT_INTEGRATED,PASS,max 1600x1600; object-contain compatible; metadata stripped; no upscale,INHERITED_FROM_CERTIFIED_BANK_MATCH
6e48dd5c-a9ed-4fcc-ad5c-b02cf8358d20,lib-ski-roj,Libretas.zip,Libretas/Libreta skin roja Reverso.jpg,SECONDARY_1,lib-ski-roj/lib-ski-roj_secondary_1.webp,WEBP,1600,1600,93538,eee100167d340f5900304c9004acc69dd0a1b52468bb51b0e5a848192a1d9bb4,NOT_INTEGRATED,PASS,max 1600x1600; object-contain compatible; metadata stripped; no upscale,INHERITED_FROM_CERTIFIED_BANK_MATCH
fbaac4f9-a575-418f-b4f4-466860ba5cc8,lib-ski-ros,Libretas.zip,Libretas/Libreta skin rosa copia.jpg,MASTER,lib-ski-ros/lib-ski-ros_master.webp,WEBP,1600,1600,117410,2223e863ffc1a30c02e2acb0f7d3e4e0ec3a88a7fe834c4d9a7390384b22846e,NOT_INTEGRATED,PASS,max 1600x1600; object-contain compatible; metadata stripped; no upscale,INHERITED_FROM_CERTIFIED_BANK_MATCH
3de4536a-796a-42bf-b9f8-741cfc01378a,lib-smi-bla,Libretas.zip,Libretas/Libreta Skin Mini Blanca atras.jpg,MASTER,lib-smi-bla/lib-smi-bla_master.webp,WEBP,1600,1600,79156,80e3e638ec4ada61575e706035880901c57923ec6851589e354826bc221a6d7f,NOT_INTEGRATED,PASS,max 1600x1600; object-contain compatible; metadata stripped; no upscale,INHERITED_FROM_CERTIFIED_BANK_MATCH
3de4536a-796a-42bf-b9f8-741cfc01378a,lib-smi-bla,Libretas.zip,Libretas/Libreta Skin Mini Blanca.jpg,SECONDARY_1,lib-smi-bla/lib-smi-bla_secondary_1.webp,WEBP,1600,1600,81782,82f91320ade13711f3ac4c948417bf48a395bc5f74632fd34c09b5fe9f729723,NOT_INTEGRATED,PASS,max 1600x1600; object-contain compatible; metadata stripped; no upscale,INHERITED_FROM_CERTIFIED_BANK_MATCH
53bbd0f7-09a5-450d-a3db-f01b3081e925,lib-smi-mor,Libretas.zip,Libretas/Libreta Skin Mini morada atras.jpg,MASTER,lib-smi-mor/lib-smi-mor_master.webp,WEBP,1600,1600,146106,6bc28f12b293d5a8414b342a528cf520038be0edec97ecfc9e53963e4c55eea8,NOT_INTEGRATED,PASS,max 1600x1600; object-contain compatible; metadata stripped; no upscale,INHERITED_FROM_CERTIFIED_BANK_MATCH
53bbd0f7-09a5-450d-a3db-f01b3081e925,lib-smi-mor,Libretas.zip,Libretas/Libreta Skin Mini morada.jpg,SECONDARY_1,lib-smi-mor/lib-smi-mor_secondary_1.webp,WEBP,1600,1600,169372,9faa4650e55446b101260b65db1833404669ace831f150a75e1ca917e734cf90,NOT_INTEGRATED,PASS,max 1600x1600; object-contain compatible; metadata stripped; no upscale,INHERITED_FROM_CERTIFIED_BANK_MATCH
a79582e2-b2c1-4f1a-bed2-7809a8ba738c,lib-smi-nar,Libretas.zip,Libretas/Libreta Skin Mini Abierta Naranja.jpg,MASTER,lib-smi-nar/lib-smi-nar_master.webp,WEBP,1600,1600,69970,4c5474921ba728bfc26c08c22cb2cb810af4bd3e8d3fb831121e2ccca7b3311a,NOT_INTEGRATED,PASS,max 1600x1600; object-contain compatible; metadata stripped; no upscale,INHERITED_FROM_CERTIFIED_BANK_MATCH
a79582e2-b2c1-4f1a-bed2-7809a8ba738c,lib-smi-nar,Libretas.zip,Libretas/Libreta Skin Mini Naranja copy.jpg,SECONDARY_1,lib-smi-nar/lib-smi-nar_secondary_1.webp,WEBP,793,1600,6458,d6f4a8513cab8b05f49506a00081615b2f32fb75ecbda8bda91ddfe27cc23d71,NOT_INTEGRATED,PASS,max 1600x1600; object-contain compatible; metadata stripped; no upscale,INHERITED_FROM_CERTIFIED_BANK_MATCH
9f609fe4-22f7-45a0-8b60-d4dfe1cc3c3a,lib-smi-neg,Libretas.zip,Libretas/Libreta Skin Mini Negra copy.jpg,MASTER,lib-smi-neg/lib-smi-neg_master.webp,WEBP,1600,1600,80968,bf92ccc0609f2bb79e94104ff7a274c203af0a317ace0eee529288776f02164c,NOT_INTEGRATED,PASS,max 1600x1600; object-contain compatible; metadata stripped; no upscale,INHERITED_FROM_CERTIFIED_BANK_MATCH
9f609fe4-22f7-45a0-8b60-d4dfe1cc3c3a,lib-smi-neg,Libretas.zip,Libretas/Libreta Skin Mini Negra atras.jpg,SECONDARY_1,lib-smi-neg/lib-smi-neg_secondary_1.webp,WEBP,1600,1600,61268,51ff01a451b3ead259d421a45f89e69a98c61e332ea98e7e679c6c11ad79b2ed,NOT_INTEGRATED,PASS,max 1600x1600; object-contain compatible; metadata stripped; no upscale,INHERITED_FROM_CERTIFIED_BANK_MATCH
84518913-8f51-403f-b610-b7eb4b812a26,lib-smi-roj,Libretas.zip,Libretas/Libreta Skin Mini Roja atras.jpg,MASTER,lib-smi-roj/lib-smi-roj_master.webp,WEBP,1600,1600,55620,b1b2e9b0f46ff4107b2a2c377c6793110274f6d1faee6f0e5a0f4f33c36bf872,NOT_INTEGRATED,PASS,max 1600x1600; object-contain compatible; metadata stripped; no upscale,INHERITED_FROM_CERTIFIED_BANK_MATCH
84518913-8f51-403f-b610-b7eb4b812a26,lib-smi-roj,Libretas.zip,Libretas/Libreta Skin Mini Roja copy.jpg,SECONDARY_1,lib-smi-roj/lib-smi-roj_secondary_1.webp,WEBP,788,1600,6020,ced7a7bf5915ac16c3fcca58cbf59495848c6de1b6cf95eee165451f1737c588,NOT_INTEGRATED,PASS,max 1600x1600; object-contain compatible; metadata stripped; no upscale,INHERITED_FROM_CERTIFIED_BANK_MATCH
022c6486-c28d-406d-85b1-c446b0ae7fa8,lib-smi-ros,Libretas.zip,Libretas/Libreta Skin Mini Rosa copy.jpg,MASTER,lib-smi-ros/lib-smi-ros_master.webp,WEBP,792,1600,6398,be73f9184eba8b88999ea18c8eb8447f2f1bac1294f157ad6db87d12df4274fd,NOT_INTEGRATED,PASS,max 1600x1600; object-contain compatible; metadata stripped; no upscale,INHERITED_FROM_CERTIFIED_BANK_MATCH
8820f5fe-1d75-4fb3-85ed-c67883cd0d9c,lib-smi-ver,Libretas.zip,Libretas/Libreta Skin Mini Verde copy.jpg,MASTER,lib-smi-ver/lib-smi-ver_master.webp,WEBP,792,1600,5988,87b37b6b363c67db4d526aedc9075fae22ec39f3b6abb5a00dfc746dec03bafe,NOT_INTEGRATED,PASS,max 1600x1600; object-contain compatible; metadata stripped; no upscale,INHERITED_FROM_CERTIFIED_BANK_MATCH
0caf0ad0-103b-41bb-bbd6-6608aaf2ee07,lib-sks-gri,Libretas.zip,Libretas/Libreta Skin Soft Gris Frente.jpg,MASTER,lib-sks-gri/lib-sks-gri_master.webp,WEBP,1600,1600,82972,1ebe6bb02cf794a0bf4c317ac9b343f120301dec4e95801396e86681c3c1a3a6,NOT_INTEGRATED,PASS,max 1600x1600; object-contain compatible; metadata stripped; no upscale,INHERITED_FROM_CERTIFIED_BANK_MATCH
0caf0ad0-103b-41bb-bbd6-6608aaf2ee07,lib-sks-gri,Libretas.zip,Libretas/Libreta Skin Soft Gris Perspectiva.jpg,SECONDARY_1,lib-sks-gri/lib-sks-gri_secondary_1.webp,WEBP,1600,1600,83726,c88d523951e5006093bfe16b6083c368e83d80da1ea96b6446890995143601d1,NOT_INTEGRATED,PASS,max 1600x1600; object-contain compatible; metadata stripped; no upscale,INHERITED_FROM_CERTIFIED_BANK_MATCH
4bf2fc7c-41ac-403a-b5c1-8b4cc271e447,lib-sks-neg,Libretas.zip,Libretas/Libreta Skin Soft Negro Frente.jpg,MASTER,lib-sks-neg/lib-sks-neg_master.webp,WEBP,1600,1600,41954,b4ceb35d656c2e62596e17709041399328fe7b0bcdb1dcd06921e0f99fd5f673,NOT_INTEGRATED,PASS,max 1600x1600; object-contain compatible; metadata stripped; no upscale,INHERITED_FROM_CERTIFIED_BANK_MATCH
4bf2fc7c-41ac-403a-b5c1-8b4cc271e447,lib-sks-neg,Libretas.zip,Libretas/Libreta Skin Soft Negra Perspectiva.jpg,SECONDARY_1,lib-sks-neg/lib-sks-neg_secondary_1.webp,WEBP,1600,1600,57422,a73da009aefd532efad456c444846bc3a5f21674e156ef6e1d822a2fb730968c,NOT_INTEGRATED,PASS,max 1600x1600; object-contain compatible; metadata stripped; no upscale,INHERITED_FROM_CERTIFIED_BANK_MATCH
783f9469-d5ba-427b-ae44-2888082f023f,lib-sks-roj,Libretas.zip,Libretas/Libreta Skin Soft Rojo Frente.jpg,MASTER,lib-sks-roj/lib-sks-roj_master.webp,WEBP,1600,1600,55780,6daf108d8ebd30e36bb3ac1700bea49bc13ccdf3da1b5a327f25ff2c8062e339,NOT_INTEGRATED,PASS,max 1600x1600; object-contain compatible; metadata stripped; no upscale,INHERITED_FROM_CERTIFIED_BANK_MATCH
783f9469-d5ba-427b-ae44-2888082f023f,lib-sks-roj,Libretas.zip,Libretas/Libreta Skin Soft Roja Perspectiva.jpg,SECONDARY_1,lib-sks-roj/lib-sks-roj_secondary_1.webp,WEBP,1600,1600,68538,afcf931940a2568b6aaba9c728ebd01f8c49f9ddad0c59c884978c7e4b9e8a95,NOT_INTEGRATED,PASS,max 1600x1600; object-contain compatible; metadata stripped; no upscale,INHERITED_FROM_CERTIFIED_BANK_MATCH
faaf5318-78f3-457e-98bd-efde0ca01d28,lib-sks-ros,Libretas.zip,Libretas/Libreta Skin Soft Rosa Frente.jpg,MASTER,lib-sks-ros/lib-sks-ros_master.webp,WEBP,1600,1600,67160,cf13f00b3ab46ab75ae18c78ffb2493d32e835a34b699545c3ca6c7127fc6002,NOT_INTEGRATED,PASS,max 1600x1600; object-contain compatible; metadata stripped; no upscale,INHERITED_FROM_CERTIFIED_BANK_MATCH
faaf5318-78f3-457e-98bd-efde0ca01d28,lib-sks-ros,Libretas.zip,Libretas/Libreta Skin Soft Rosa Perspectiva.jpg,SECONDARY_1,lib-sks-ros/lib-sks-ros_secondary_1.webp,WEBP,1600,1600,77294,badadfd31f01a176b6a76dfddbf35af748ca67c059ffeabd5fa0159b87a93d68,NOT_INTEGRATED,PASS,max 1600x1600; object-contain compatible; metadata stripped; no upscale,INHERITED_FROM_CERTIFIED_BANK_MATCH
9a779992-f42b-449d-83ab-a63685ef0ad2,lib-sks-ver,Libretas.zip,Libretas/Libreta Skin Soft Verde Frente.jpg,MASTER,lib-sks-ver/lib-sks-ver_master.webp,WEBP,1600,1600,59014,f496a45fee57dc587fc23be74b7ca353af0be3b1c05c607dff9aa7acbf1a9a64,NOT_INTEGRATED,PASS,max 1600x1600; object-contain compatible; metadata stripped; no upscale,INHERITED_FROM_CERTIFIED_BANK_MATCH
9a779992-f42b-449d-83ab-a63685ef0ad2,lib-sks-ver,Libretas.zip,Libretas/Libreta Skin Soft Verde Perspectiva.jpg,SECONDARY_1,lib-sks-ver/lib-sks-ver_secondary_1.webp,WEBP,1600,1600,63774,b500a181eb2aaa28c29fcb96c7c4129762e7704573e5b22b5d3ee231a99d00a4,NOT_INTEGRATED,PASS,max 1600x1600; object-contain compatible; metadata stripped; no upscale,INHERITED_FROM_CERTIFIED_BANK_MATCH
5f0f7c40-4503-43d8-8be1-955cb9c1d24a,lib-tex-mie,Libretas.zip,Libretas/Libreta texturi abierta copia.jpg,MASTER,lib-tex-mie/lib-tex-mie_master.webp,WEBP,1600,1600,107034,b071ebe4c3c2257aa4368d4945a12b7e698eeae7ec2089d94e5d1e335414a26a,NOT_INTEGRATED,PASS,max 1600x1600; object-contain compatible; metadata stripped; no upscale,INHERITED_FROM_CERTIFIED_BANK_MATCH
5f0f7c40-4503-43d8-8be1-955cb9c1d24a,lib-tex-mie,Libretas.zip,Libretas/libreta texturi azul atras.jpg,SECONDARY_1,lib-tex-mie/lib-tex-mie_secondary_1.webp,WEBP,1600,1600,360340,cb388a298fc49ab7188bc6c62fb043b4ba74c04976245229d78ea04fccf311cd,NOT_INTEGRATED,PASS,max 1600x1600; object-contain compatible; metadata stripped; no upscale,INHERITED_FROM_CERTIFIED_BANK_MATCH
88bf761d-979c-4ff4-8339-f9b9c22b3085,lin-med-neg,Electronicos.zip,Electronicos/Linterna Medic negra.jpg,MASTER,lin-med-neg/lin-med-neg_master.webp,WEBP,1600,1600,40048,7212d45fe00354828678c2a09840d42545eb723d2bb0f73ead2167e354ddbf2f,NOT_INTEGRATED,PASS,max 1600x1600; object-contain compatible; metadata stripped; no upscale,INHERITED_FROM_CERTIFIED_BANK_MATCH
e5fb9fbd-8268-4266-b847-8cafc059399f,lla-SiO-azu,Llaveros.zip,Llaveros/Llavero SiO Negro - copia.jpg,MASTER,lla-sio-azu/lla-sio-azu_master.webp,WEBP,1600,1600,41716,531bea1f0292dad5bcc9f1616dffa7423212ad1873f88da59d79144fd57faebe,NOT_INTEGRATED,PASS,max 1600x1600; object-contain compatible; metadata stripped; no upscale,INHERITED_FROM_CERTIFIED_BANK_MATCH
e5fb9fbd-8268-4266-b847-8cafc059399f,lla-SiO-azu,Llaveros.zip,Llaveros/Llavero SiO Negro.jpg,SECONDARY_1,lla-sio-azu/lla-sio-azu_secondary_1.webp,WEBP,1600,1600,41716,531bea1f0292dad5bcc9f1616dffa7423212ad1873f88da59d79144fd57faebe,NOT_INTEGRATED,PASS,max 1600x1600; object-contain compatible; metadata stripped; no upscale,INHERITED_FROM_CERTIFIED_BANK_MATCH
dc7cc3e7-aa00-47a3-b4e8-edde4bc0b6d0,lob-sol-azu,Boligrafos plastico.zip,Boligrafos plastico/lobby azul clip.jpg,MASTER,lob-sol-azu/lob-sol-azu_master.webp,WEBP,1600,1600,29258,b849d198375a283a19b8b88d53d4a6c0fb691c8e95e9e5d4b86327afd2ce6b6e,NOT_INTEGRATED,PASS,max 1600x1600; object-contain compatible; metadata stripped; no upscale,INHERITED_FROM_CERTIFIED_BANK_MATCH
dc7cc3e7-aa00-47a3-b4e8-edde4bc0b6d0,lob-sol-azu,Boligrafos plastico.zip,Boligrafos plastico/lobby azul atras.jpg,SECONDARY_1,lob-sol-azu/lob-sol-azu_secondary_1.webp,WEBP,1600,1600,43338,d3656e94f6fc1908abada46ee54e8ec6ab0d2e5b095b28e9079cc7de7a317631,NOT_INTEGRATED,PASS,max 1600x1600; object-contain compatible; metadata stripped; no upscale,INHERITED_FROM_CERTIFIED_BANK_MATCH
6a4f917b-f915-4da2-ae22-58ef089b2ecc,lob-sol-bla,Boligrafos plastico.zip,Boligrafos plastico/lobby blanco clip.jpg,MASTER,lob-sol-bla/lob-sol-bla_master.webp,WEBP,1600,1600,20996,ed3a58b24ee991270af6a0f9ec4e503d8e4acb401d3c1371c4d52073edd14514,NOT_INTEGRATED,PASS,max 1600x1600; object-contain compatible; metadata stripped; no upscale,INHERITED_FROM_CERTIFIED_BANK_MATCH
6a4f917b-f915-4da2-ae22-58ef089b2ecc,lob-sol-bla,Boligrafos plastico.zip,Boligrafos plastico/lobby blanco costado.jpg,SECONDARY_1,lob-sol-bla/lob-sol-bla_secondary_1.webp,WEBP,1600,1600,20748,9be142270d30c1d63916e72d25fc42da654c91c892d2569af51b804529427f87,NOT_INTEGRATED,PASS,max 1600x1600; object-contain compatible; metadata stripped; no upscale,INHERITED_FROM_CERTIFIED_BANK_MATCH
38edd673-b077-4c9a-a0f1-ceb4e3d8a9aa,lob-sol-neg,Boligrafos plastico.zip,Boligrafos plastico/lobby negro clip.jpg,MASTER,lob-sol-neg/lob-sol-neg_master.webp,WEBP,1600,1600,35572,07fe117fe1b8b8118da9b093c7fc4ac4b5c01a671310c4fe7d0f5b6970d26d2e,NOT_INTEGRATED,PASS,max 1600x1600; object-contain compatible; metadata stripped; no upscale,INHERITED_FROM_CERTIFIED_BANK_MATCH
38edd673-b077-4c9a-a0f1-ceb4e3d8a9aa,lob-sol-neg,Boligrafos plastico.zip,Boligrafos plastico/lobby negro atras.jpg,SECONDARY_1,lob-sol-neg/lob-sol-neg_secondary_1.webp,WEBP,1600,1600,44452,574cb1ba1c51a133b952078ffe8a335952b7a5d072ab5efda01d21d46cb5d502,NOT_INTEGRATED,PASS,max 1600x1600; object-contain compatible; metadata stripped; no upscale,INHERITED_FROM_CERTIFIED_BANK_MATCH
afe67915-e1cc-4a5b-88e6-da2e6edd6220,lob-sol-pla,Boligrafos plastico.zip,Boligrafos plastico/lobby plata clip.jpg,MASTER,lob-sol-pla/lob-sol-pla_master.webp,WEBP,1600,1600,29494,b8d986599f4ee8e02a6fa828b9f84c7e394566f798f145a44a1290bb08e3ef2f,NOT_INTEGRATED,PASS,max 1600x1600; object-contain compatible; metadata stripped; no upscale,INHERITED_FROM_CERTIFIED_BANK_MATCH
afe67915-e1cc-4a5b-88e6-da2e6edd6220,lob-sol-pla,Boligrafos plastico.zip,Boligrafos plastico/lobby plata costado.jpg,SECONDARY_1,lob-sol-pla/lob-sol-pla_secondary_1.webp,WEBP,1600,1600,29852,565f05c3fef25b6a9b70d361f58c81f80bcd9958469c4e83ddee5d0b97dbdb20,NOT_INTEGRATED,PASS,max 1600x1600; object-contain compatible; metadata stripped; no upscale,INHERITED_FROM_CERTIFIED_BANK_MATCH
d59c1cf9-23cf-430b-a15d-781276e81513,lob-sol-ver,Boligrafos plastico.zip,Boligrafos plastico/lobby verde clip.jpg,MASTER,lob-sol-ver/lob-sol-ver_master.webp,WEBP,1600,1600,29052,1774b29bf5e9b98ab0e80a950824a174f0a58cfeac4c7535b66ccfd184e799bc,NOT_INTEGRATED,PASS,max 1600x1600; object-contain compatible; metadata stripped; no upscale,INHERITED_FROM_CERTIFIED_BANK_MATCH
d59c1cf9-23cf-430b-a15d-781276e81513,lob-sol-ver,Boligrafos plastico.zip,Boligrafos plastico/lobby verde costado.jpg,SECONDARY_1,lob-sol-ver/lob-sol-ver_secondary_1.webp,WEBP,1600,1600,32516,f5664c199822ee588f83c77a32dc334f47cc717c2b80e5293e8a4f05ba7b2ae4,NOT_INTEGRATED,PASS,max 1600x1600; object-contain compatible; metadata stripped; no upscale,INHERITED_FROM_CERTIFIED_BANK_MATCH
b7d2252a-9a16-4caa-9651-d8d7fdc7fe11,lon-del-gob,Bebidas y Alimentos.zip,Bebidas y Alimentos/Lonchera Takayama Deli 2.jpg,MASTER,lon-del-gob/lon-del-gob_master.webp,WEBP,1600,1600,62114,2fc6d32fe72f14bd8bc444dfaebee409849b5b0e7b0f1005e08191583d75c6d9,NOT_INTEGRATED,PASS,max 1600x1600; object-contain compatible; metadata stripped; no upscale,INHERITED_FROM_CERTIFIED_BANK_MATCH
b7d2252a-9a16-4caa-9651-d8d7fdc7fe11,lon-del-gob,Bebidas y Alimentos.zip,Bebidas y Alimentos/Lonchera Takayama Deli 5.jpg,SECONDARY_1,lon-del-gob/lon-del-gob_secondary_1.webp,WEBP,1600,1600,46782,33da84915ab01bcf7cf03c634d9a32e4aa91fdd214f854fec1697efde2f15dfe,NOT_INTEGRATED,PASS,max 1600x1600; object-contain compatible; metadata stripped; no upscale,INHERITED_FROM_CERTIFIED_BANK_MATCH
77e56b68-f8c7-48d4-b02e-527bfc6d34c5,lon-ois-gob,Bebidas y Alimentos.zip,Bebidas y Alimentos/Lonchera Takayama Oishii Frente.jpg,MASTER,lon-ois-gob/lon-ois-gob_master.webp,WEBP,1600,1600,649602,a0be4ab2abbe600db0746ee7e8bc16fcecbaf50f0d39af537d2a30ed3d27c961,NOT_INTEGRATED,PASS,max 1600x1600; object-contain compatible; metadata stripped; no upscale,INHERITED_FROM_CERTIFIED_BANK_MATCH
77e56b68-f8c7-48d4-b02e-527bfc6d34c5,lon-ois-gob,Bebidas y Alimentos.zip,Bebidas y Alimentos/Lonchera Takayama Oishii Reverso.jpg,SECONDARY_1,lon-ois-gob/lon-ois-gob_secondary_1.webp,WEBP,1600,1600,517510,c4967550a16bd2252da5ae6c4bfc18d02accf175e03d055a2888bad7962ae576,NOT_INTEGRATED,PASS,max 1600x1600; object-contain compatible; metadata stripped; no upscale,INHERITED_FROM_CERTIFIED_BANK_MATCH
c18d78f1-f61e-433f-ac80-94304ca4530b,lon-rol-gri,Bebidas y Alimentos.zip,Bebidas y Alimentos/Lonchera Takayama Roller Lunch Frente.jpg,MASTER,lon-rol-gri/lon-rol-gri_master.webp,WEBP,1600,1600,338360,52e3f3660072a262d12c17eeb9181854d7e4cd7dee5f9acdfe405d83d6617123,NOT_INTEGRATED,PASS,max 1600x1600; object-contain compatible; metadata stripped; no upscale,INHERITED_FROM_CERTIFIED_BANK_MATCH
c18d78f1-f61e-433f-ac80-94304ca4530b,lon-rol-gri,Bebidas y Alimentos.zip,Bebidas y Alimentos/Lonchera Takayama Roller Lunch Perspectiva 4.jpg,SECONDARY_1,lon-rol-gri/lon-rol-gri_secondary_1.webp,WEBP,1600,1600,309656,c789e9e668fba7d51ee52ecbacc0bf110e50afe039dc88228e522cfce9b9ab4b,NOT_INTEGRATED,PASS,max 1600x1600; object-contain compatible; metadata stripped; no upscale,INHERITED_FROM_CERTIFIED_BANK_MATCH
ae91a52a-1757-4a94-b3b8-7808a76caefe,moc-dai-neg,Mochilas.zip,Mochilas/Mochila Takayama Daily Pack Frente.jpg,MASTER,moc-dai-neg/moc-dai-neg_master.webp,WEBP,1600,1600,226154,d5b37d7d49754284472aba86657038397f4d763976050bbff80d79798208f1ff,NOT_INTEGRATED,PASS,max 1600x1600; object-contain compatible; metadata stripped; no upscale,INHERITED_FROM_CERTIFIED_BANK_MATCH
ae91a52a-1757-4a94-b3b8-7808a76caefe,moc-dai-neg,Mochilas.zip,Mochilas/Mochila Takayama Daily Pack Perspectiva.jpg,SECONDARY_1,moc-dai-neg/moc-dai-neg_secondary_1.webp,WEBP,1600,1600,207860,14f6836212f0faa6986dd1194d3af8d7faf448c4ef16c7fad114c349f4c3d98a,NOT_INTEGRATED,PASS,max 1600x1600; object-contain compatible; metadata stripped; no upscale,INHERITED_FROM_CERTIFIED_BANK_MATCH
16dfa60b-f22f-4304-9899-14bdc4d63de4,moc-dia-azu,Mochilas.zip,Mochilas/Mochila Takayama Diagonal Azul Frente.jpg,MASTER,moc-dia-azu/moc-dia-azu_master.webp,WEBP,1600,1600,113736,fabdffe5d887b6948e9d466f0aa42557ad18456bacd61a92137e69659e8a7cba,NOT_INTEGRATED,PASS,max 1600x1600; object-contain compatible; metadata stripped; no upscale,INHERITED_FROM_CERTIFIED_BANK_MATCH
16dfa60b-f22f-4304-9899-14bdc4d63de4,moc-dia-azu,Mochilas.zip,Mochilas/Mochila Takayama Diagonal Azul Perspectiva 3.jpg,SECONDARY_1,moc-dia-azu/moc-dia-azu_secondary_1.webp,WEBP,1600,1600,232774,fc4d095f1f9de16ff6532cd423d7cee32e6dbfc02ade78b4d97d2acc19a038d4,NOT_INTEGRATED,PASS,max 1600x1600; object-contain compatible; metadata stripped; no upscale,INHERITED_FROM_CERTIFIED_BANK_MATCH
b6f59980-1ff3-4db1-b3b5-34a93bc306e6,moc-dia-gri,Mochilas.zip,Mochilas/Mochila Takayama Diagonal Gris Frente.jpg,MASTER,moc-dia-gri/moc-dia-gri_master.webp,WEBP,1600,1600,164992,9575fb9820c2391062adb2d43769f54aa2d78474225a816156afde26f7a5842f,NOT_INTEGRATED,PASS,max 1600x1600; object-contain compatible; metadata stripped; no upscale,INHERITED_FROM_CERTIFIED_BANK_MATCH
b6f59980-1ff3-4db1-b3b5-34a93bc306e6,moc-dia-gri,Mochilas.zip,Mochilas/Mochila Takayama Diagonal Gris Perspectiva 3.jpg,SECONDARY_1,moc-dia-gri/moc-dia-gri_secondary_1.webp,WEBP,1600,1600,254628,6d84060c7ebcb35b2284b6fbc91173a26654436b4c5a7f2e700634f764e5c417,NOT_INTEGRATED,PASS,max 1600x1600; object-contain compatible; metadata stripped; no upscale,INHERITED_FROM_CERTIFIED_BANK_MATCH
613926ad-18ab-492e-bd27-4b4412ef8bd1,moc-evo-neg,Mochilas.zip,Mochilas/Mochila Takayama Evo Frente.jpg,MASTER,moc-evo-neg/moc-evo-neg_master.webp,WEBP,1600,1600,172758,34469809fba34d9013cb0262708079ced1403f7ef684ec51efec8253aafedbae,NOT_INTEGRATED,PASS,max 1600x1600; object-contain compatible; metadata stripped; no upscale,INHERITED_FROM_CERTIFIED_BANK_MATCH
613926ad-18ab-492e-bd27-4b4412ef8bd1,moc-evo-neg,Mochilas.zip,Mochilas/Mochila Takayama Evo Perspectiva 2.jpg,SECONDARY_1,moc-evo-neg/moc-evo-neg_secondary_1.webp,WEBP,1600,1600,172830,18f3caaaf3f58af74f62f44bdef06f12c7f13a2929689b6328c9136e0d29eb52,NOT_INTEGRATED,PASS,max 1600x1600; object-contain compatible; metadata stripped; no upscale,INHERITED_FROM_CERTIFIED_BANK_MATCH
dcd14206-d04b-4105-8fba-86c72ba87d15,moc-giz-neg,Mochilas.zip,Mochilas/Mochila Takayama Gizmo Frente.jpg,MASTER,moc-giz-neg/moc-giz-neg_master.webp,WEBP,1600,1600,425732,7a15e80ead2697560ef787c55c756c9d6f8543bac864d0a7b623fae75b41a73f,NOT_INTEGRATED,PASS,max 1600x1600; object-contain compatible; metadata stripped; no upscale,INHERITED_FROM_CERTIFIED_BANK_MATCH
dcd14206-d04b-4105-8fba-86c72ba87d15,moc-giz-neg,Mochilas.zip,Mochilas/Mochila Takayama Gizmo Perspectiva 2.jpg,SECONDARY_1,moc-giz-neg/moc-giz-neg_secondary_1.webp,WEBP,1600,1600,326598,3637e2c888ca075fe7b93b90eee21b8380411a32b1b9b07a7e64e8b3af0e260d,NOT_INTEGRATED,PASS,max 1600x1600; object-contain compatible; metadata stripped; no upscale,INHERITED_FROM_CERTIFIED_BANK_MATCH
16451187-e966-4d54-832a-ca715b496a59,moc-leg-neg,Mochilas.zip,Mochilas/Mochila Takayama Legacy Frente.jpg,MASTER,moc-leg-neg/moc-leg-neg_master.webp,WEBP,1600,1600,161016,75ef29d98aaf86ed83c1194ccc8824fcd22bb5136bb10e26bc91a854154ca21b,NOT_INTEGRATED,PASS,max 1600x1600; object-contain compatible; metadata stripped; no upscale,INHERITED_FROM_CERTIFIED_BANK_MATCH
16451187-e966-4d54-832a-ca715b496a59,moc-leg-neg,Mochilas.zip,Mochilas/Mochila Takayama Legacy Perspectiva 1.jpg,SECONDARY_1,moc-leg-neg/moc-leg-neg_secondary_1.webp,WEBP,1600,1600,182356,ab22e785fa60cc03e8fcbad9ce6d2f1978f361644108e4966e9ac35dbad8173b,NOT_INTEGRATED,PASS,max 1600x1600; object-contain compatible; metadata stripped; no upscale,INHERITED_FROM_CERTIFIED_BANK_MATCH
1d601d8c-158d-496b-ab21-7e588f02596c,moc-rol-gne,Mochilas.zip,Mochilas/Mochila Takayama Roller Frente 3.jpg,MASTER,moc-rol-gne/moc-rol-gne_master.webp,WEBP,1600,1600,242254,96a0a6b778ff9cbf8870a8aa5ae0a01de729faf6f34f8dca55669d4669e5d45d,NOT_INTEGRATED,PASS,max 1600x1600; object-contain compatible; metadata stripped; no upscale,INHERITED_FROM_CERTIFIED_BANK_MATCH
1d601d8c-158d-496b-ab21-7e588f02596c,moc-rol-gne,Mochilas.zip,Mochilas/Mochila Takayama Roller Frente 2.jpg,SECONDARY_1,moc-rol-gne/moc-rol-gne_secondary_1.webp,WEBP,1600,1600,219910,f99cefd9889b5e9c84c2ac23265880eedc9bc6a886fa02231632de0c4d3b121f,NOT_INTEGRATED,PASS,max 1600x1600; object-contain compatible; metadata stripped; no upscale,INHERITED_FROM_CERTIFIED_BANK_MATCH
750e3a54-058c-4db2-abf2-41538799138b,moc-sac-azu,Mochilas.zip,Mochilas/Mochila Takayama Sack Azul Frente.jpg,MASTER,moc-sac-azu/moc-sac-azu_master.webp,WEBP,1600,1600,524302,939e1372045863d1ff453420c0b8e295a7ce62ddd1c2ad86403734173173299c,NOT_INTEGRATED,PASS,max 1600x1600; object-contain compatible; metadata stripped; no upscale,INHERITED_FROM_CERTIFIED_BANK_MATCH
750e3a54-058c-4db2-abf2-41538799138b,moc-sac-azu,Mochilas.zip,Mochilas/Mochila Takayama Sack Azul Perspectiva 1.jpg,SECONDARY_1,moc-sac-azu/moc-sac-azu_secondary_1.webp,WEBP,1600,1600,450474,3617b3754b7f3139c3ef7e333c77e30bd604feb8d7fbbc7b8f8a97e9b5194bd3,NOT_INTEGRATED,PASS,max 1600x1600; object-contain compatible; metadata stripped; no upscale,INHERITED_FROM_CERTIFIED_BANK_MATCH
ab2c7dcd-2b8a-40fc-9925-e140abca5fd0,moc-she-neg,Mochilas.zip,Mochilas/Mochila Takayama Sheru Frente.jpg,MASTER,moc-she-neg/moc-she-neg_master.webp,WEBP,1600,1600,568834,7419ec79d0d2b7696816d2d4f9d5d4c5b994c2e12fa0d437b9dde9f7e3111e99,NOT_INTEGRATED,PASS,max 1600x1600; object-contain compatible; metadata stripped; no upscale,INHERITED_FROM_CERTIFIED_BANK_MATCH
ab2c7dcd-2b8a-40fc-9925-e140abca5fd0,moc-she-neg,Mochilas.zip,Mochilas/Mochila Takayama Sheru Perspectiva 2.jpg,SECONDARY_1,moc-she-neg/moc-she-neg_secondary_1.webp,WEBP,1600,1600,442152,432853ba1834fa9f65a9eca40f5694fd3b7173588ebbf6036dc1aeba107976ab,NOT_INTEGRATED,PASS,max 1600x1600; object-contain compatible; metadata stripped; no upscale,INHERITED_FROM_CERTIFIED_BANK_MATCH
d9c84c74-aa83-4eeb-aeac-802932dc0c26,moc-tai-neg,Mochilas.zip,Mochilas/Mochila Takayama Taiko Frente.jpg,MASTER,moc-tai-neg/moc-tai-neg_master.webp,WEBP,1600,1600,352798,7a25b63f9493827c9eb618c922b011d725bec2c69177b35d90d2f8ba2bc3321d,NOT_INTEGRATED,PASS,max 1600x1600; object-contain compatible; metadata stripped; no upscale,INHERITED_FROM_CERTIFIED_BANK_MATCH
d9c84c74-aa83-4eeb-aeac-802932dc0c26,moc-tai-neg,Mochilas.zip,Mochilas/Mochila Takayama Taiko Perspectiva 2.jpg,SECONDARY_1,moc-tai-neg/moc-tai-neg_secondary_1.webp,WEBP,1600,1600,301926,486bf1600cbf575dd0b387d411da792410c05f98235989e7ba26b929d6062c59,NOT_INTEGRATED,PASS,max 1600x1600; object-contain compatible; metadata stripped; no upscale,INHERITED_FROM_CERTIFIED_BANK_MATCH
5f863e85-3d32-487b-94e5-0ac4da0c3b94,moc-tat-neg,Mochilas.zip,Mochilas/Mochila Takayama Taktik Trolley Frente.jpg,MASTER,moc-tat-neg/moc-tat-neg_master.webp,WEBP,1600,1600,431836,6e80a2cf525c822b9b18d32d0f176dcf14afd9864de195de19f1412c1d6b5fd2,NOT_INTEGRATED,PASS,max 1600x1600; object-contain compatible; metadata stripped; no upscale,INHERITED_FROM_CERTIFIED_BANK_MATCH
5f863e85-3d32-487b-94e5-0ac4da0c3b94,moc-tat-neg,Mochilas.zip,Mochilas/Mochila Takayama Taktik Trolley Perspectiva.jpg,SECONDARY_1,moc-tat-neg/moc-tat-neg_secondary_1.webp,WEBP,1600,1600,409610,807bc5af69a8a9e6becfa32aba290f780b6f63503ecb9e1bdc0b47ff4c918416,NOT_INTEGRATED,PASS,max 1600x1600; object-contain compatible; metadata stripped; no upscale,INHERITED_FROM_CERTIFIED_BANK_MATCH
2b3b1844-4b2b-4802-ad53-bfab9ac62e9c,moc-ten-ngr,Mochilas.zip,Mochilas/Mochila Takayama Tekna Nova Frente.jpg,MASTER,moc-ten-ngr/moc-ten-ngr_master.webp,WEBP,1600,1600,284752,abf9689ee5aec1c4969b09f8464930ea6d29b280ea3d6d90f09ec5d03bf066af,NOT_INTEGRATED,PASS,max 1600x1600; object-contain compatible; metadata stripped; no upscale,INHERITED_FROM_CERTIFIED_BANK_MATCH
2b3b1844-4b2b-4802-ad53-bfab9ac62e9c,moc-ten-ngr,Mochilas.zip,Mochilas/Mochila Takayama Tekna Nova Perspectiva 1.jpg,SECONDARY_1,moc-ten-ngr/moc-ten-ngr_secondary_1.webp,WEBP,1600,1600,262840,5ecebf51c173cf333608976da6c656beaf2caa802818066ff52def50b36c9069,NOT_INTEGRATED,PASS,max 1600x1600; object-contain compatible; metadata stripped; no upscale,INHERITED_FROM_CERTIFIED_BANK_MATCH
183f3a62-9d73-48b7-bfb4-49c863daf45a,moc-zen-neg,Mochilas.zip,Mochilas/Mochila Takayama Zen frente 1.jpg,MASTER,moc-zen-neg/moc-zen-neg_master.webp,WEBP,1600,1600,203388,e065e8ffc24af484ecb2343a9cdde8a90a8cebb2f558ec31ab55283f23edf8c5,NOT_INTEGRATED,PASS,max 1600x1600; object-contain compatible; metadata stripped; no upscale,INHERITED_FROM_CERTIFIED_BANK_MATCH
183f3a62-9d73-48b7-bfb4-49c863daf45a,moc-zen-neg,Mochilas.zip,Mochilas/Mochila Takayama Zen frente 2.jpg,SECONDARY_1,moc-zen-neg/moc-zen-neg_secondary_1.webp,WEBP,1600,1600,216874,e0e6cfbb61e3f8becc0d1f655d472982b8b76f3eb46b8a7060a2b2e1c0bcb606,NOT_INTEGRATED,PASS,max 1600x1600; object-contain compatible; metadata stripped; no upscale,INHERITED_FROM_CERTIFIED_BANK_MATCH
78451e0a-21c4-40c9-9da6-9f47bfd9f965,set-rec-bei,Oficina.zip,Oficina/set de recaditos frente.jpg,MASTER,set-rec-bei/set-rec-bei_master.webp,WEBP,1600,1600,207062,d98e222f67344c3efae8d632cda93b3f5b798d8cffa3b12af56bdb8f745f14fd,NOT_INTEGRATED,PASS,max 1600x1600; object-contain compatible; metadata stripped; no upscale,INHERITED_FROM_CERTIFIED_BANK_MATCH
78451e0a-21c4-40c9-9da6-9f47bfd9f965,set-rec-bei,Oficina.zip,Oficina/set de recaditos.jpg,SECONDARY_1,set-rec-bei/set-rec-bei_secondary_1.webp,WEBP,1600,1600,124814,2ec888de84f25901a3bc970b566a5629c89914e6de89154ac32de834714370b0,NOT_INTEGRATED,PASS,max 1600x1600; object-contain compatible; metadata stripped; no upscale,INHERITED_FROM_CERTIFIED_BANK_MATCH
c1aed715-ad1b-443b-b237-43266fbf8b4d,sha-met-azu,Boligrafos metal.zip,Boligrafos metal/Sharp Azul Frente.jpg,MASTER,sha-met-azu/sha-met-azu_master.webp,WEBP,1600,1600,39886,05323c6c57360d9fb6fb63bada0e6aea7c3cc814b9ab4e1d147b2b484257aa2e,NOT_INTEGRATED,PASS,max 1600x1600; object-contain compatible; metadata stripped; no upscale,INHERITED_FROM_CERTIFIED_BANK_MATCH
c1aed715-ad1b-443b-b237-43266fbf8b4d,sha-met-azu,Boligrafos metal.zip,Boligrafos metal/Sharp Azul Destapado.jpg,SECONDARY_1,sha-met-azu/sha-met-azu_secondary_1.webp,WEBP,1600,1600,24010,31d8b59d0c15f8ab56cb107d11b41510e79f5f4c428303b7afb897b97366db6e,NOT_INTEGRATED,PASS,max 1600x1600; object-contain compatible; metadata stripped; no upscale,INHERITED_FROM_CERTIFIED_BANK_MATCH
72799716-56d1-4e91-91ff-b452a9400e42,sha-met-neg,Boligrafos metal.zip,Boligrafos metal/Sharp Negro Frente.jpg,MASTER,sha-met-neg/sha-met-neg_master.webp,WEBP,1600,1600,39794,65d2906cec4da2ca16789ff0aee097c4f8c07778e3806dad75045523e88eec65,NOT_INTEGRATED,PASS,max 1600x1600; object-contain compatible; metadata stripped; no upscale,INHERITED_FROM_CERTIFIED_BANK_MATCH
72799716-56d1-4e91-91ff-b452a9400e42,sha-met-neg,Boligrafos metal.zip,Boligrafos metal/Sharp Negro Destapado.jpg,SECONDARY_1,sha-met-neg/sha-met-neg_secondary_1.webp,WEBP,1600,1600,23894,59d07ea19102bc827e16ab9096e68cdc589e61cb10be640845f155dc338a6d6a,NOT_INTEGRATED,PASS,max 1600x1600; object-contain compatible; metadata stripped; no upscale,INHERITED_FROM_CERTIFIED_BANK_MATCH
e2070941-5e02-482e-941d-d2cbb8a7f22a,sun-met-gra,Boligrafos metal.zip,Boligrafos metal/Estuches/suntory estuche.jpg,MASTER,sun-met-gra/sun-met-gra_master.webp,WEBP,1600,1600,72054,ff51c071176a1a9d7c2e07b9fb6578399bf2879adb93ef1e03982d8e2c6ba80a,NOT_INTEGRATED,PASS,max 1600x1600; object-contain compatible; metadata stripped; no upscale,INHERITED_FROM_CERTIFIED_BANK_MATCH
e2070941-5e02-482e-941d-d2cbb8a7f22a,sun-met-gra,Boligrafos metal.zip,Boligrafos metal/Suntory 2 destapada.jpg,SECONDARY_1,sun-met-gra/sun-met-gra_secondary_1.webp,WEBP,1600,1600,26226,fb2876df7a333194a08e31a6a50d931405c5b982e6e5f35f6feae087d0b42bdb,NOT_INTEGRATED,PASS,max 1600x1600; object-contain compatible; metadata stripped; no upscale,INHERITED_FROM_CERTIFIED_BANK_MATCH
309e77f3-c7fd-46ec-a733-123f6170a072,swi-tra-azu,Boligrafos plastico.zip,Boligrafos plastico/Swift Azul.jpg,MASTER,swi-tra-azu/swi-tra-azu_master.webp,WEBP,1600,1600,53290,ad44c5e7768ac9e928fd5518bfa75678fb00081adfd843aec5e5443aa7561046,NOT_INTEGRATED,PASS,max 1600x1600; object-contain compatible; metadata stripped; no upscale,INHERITED_FROM_CERTIFIED_BANK_MATCH
309e77f3-c7fd-46ec-a733-123f6170a072,swi-tra-azu,Boligrafos plastico.zip,Boligrafos plastico/Swift Azul Clip.jpg,SECONDARY_1,swi-tra-azu/swi-tra-azu_secondary_1.webp,WEBP,1600,1600,55200,ac807d74a4362cbb511caae5274c56c6fb7bf77dcf4e6aad45e6c46bec87c1ce,NOT_INTEGRATED,PASS,max 1600x1600; object-contain compatible; metadata stripped; no upscale,INHERITED_FROM_CERTIFIED_BANK_MATCH
06870299-81fb-4374-9b44-60e3cd0c899e,swi-tra-roj,Boligrafos plastico.zip,Boligrafos plastico/Swift Rojo Clip.jpg,MASTER,swi-tra-roj/swi-tra-roj_master.webp,WEBP,1600,1600,55828,fb5e56dbed0fc7d5b67e2e93328a77f1816c9655c8b04c42fc3e30a30532b693,NOT_INTEGRATED,PASS,max 1600x1600; object-contain compatible; metadata stripped; no upscale,INHERITED_FROM_CERTIFIED_BANK_MATCH
06870299-81fb-4374-9b44-60e3cd0c899e,swi-tra-roj,Boligrafos plastico.zip,Boligrafos plastico/Swift Rojo.jpg,SECONDARY_1,swi-tra-roj/swi-tra-roj_secondary_1.webp,WEBP,1600,1600,53736,b329a6f6452bb9ec7981487742038fbb39e5a87bad6c7440ce6e2fbb5ade7924,NOT_INTEGRATED,PASS,max 1600x1600; object-contain compatible; metadata stripped; no upscale,INHERITED_FROM_CERTIFIED_BANK_MATCH
18456a59-30d8-47d3-9f38-0a755f3f7a44,vas-bit-azu,Bebidas y Alimentos.zip,Bebidas y Alimentos/Vaso Bistro Terra Azul Frente.jpg,MASTER,vas-bit-azu/vas-bit-azu_master.webp,WEBP,1600,1600,35714,bff4d331168fe3890d79f05bb1e78fed142b5feefeb94455ffcc0813adf3c95e,NOT_INTEGRATED,PASS,max 1600x1600; object-contain compatible; metadata stripped; no upscale,INHERITED_FROM_CERTIFIED_BANK_MATCH
18456a59-30d8-47d3-9f38-0a755f3f7a44,vas-bit-azu,Bebidas y Alimentos.zip,Bebidas y Alimentos/Vaso Bistro Terra Azul Destapado.jpg,SECONDARY_1,vas-bit-azu/vas-bit-azu_secondary_1.webp,WEBP,1600,1600,38548,c28de102b293b16ca8be6531f4b4e68727eae58841501f075af7765a663230c2,NOT_INTEGRATED,PASS,max 1600x1600; object-contain compatible; metadata stripped; no upscale,INHERITED_FROM_CERTIFIED_BANK_MATCH
65f1f1eb-4508-4cd0-9f4d-b4ecf0b28b51,vas-bit-gri,Bebidas y Alimentos.zip,Bebidas y Alimentos/Vaso Bistro Terra Gris Frente.jpg,MASTER,vas-bit-gri/vas-bit-gri_master.webp,WEBP,1600,1600,23912,427fffb41c9ca2dc19908952b41a86d3e6ba6a1ee5813a867d2164c7c89980dc,NOT_INTEGRATED,PASS,max 1600x1600; object-contain compatible; metadata stripped; no upscale,INHERITED_FROM_CERTIFIED_BANK_MATCH
65f1f1eb-4508-4cd0-9f4d-b4ecf0b28b51,vas-bit-gri,Bebidas y Alimentos.zip,Bebidas y Alimentos/Vaso Bistro Terra Gris Destapado.jpg,SECONDARY_1,vas-bit-gri/vas-bit-gri_secondary_1.webp,WEBP,1600,1600,28972,1c11e9b83c1c002bf8b9fe1a7714e792927c0a1be2ab441e5b15822502174a0c,NOT_INTEGRATED,PASS,max 1600x1600; object-contain compatible; metadata stripped; no upscale,INHERITED_FROM_CERTIFIED_BANK_MATCH
3b1efba6-a127-49f4-b98b-fa4eb0b84249,imp-neg-cro,Boligrafos metal.zip,Boligrafos metal/imperial negra plata clip.jpg,MASTER,imp-neg-cro/imp-neg-cro_master.webp,WEBP,1600,1600,56868,936a3186deaf870b115c7a057ed66cf2c9198f5d92cf36e35aa762f8b5f3b3d5,NOT_INTEGRATED,PASS,max 1600x1600; object-contain compatible; metadata stripped; no upscale,INHERITED_FROM_CERTIFIED_MULTI_VARIANT_BANK_MATCH
3ae95954-6aff-4607-9674-87cdead53283,jel-zen-aza,Boligrafos plastico.zip,Boligrafos plastico/Jello zen azul clip copy.jpg,MASTER,jel-zen-aza/jel-zen-aza_master.webp,WEBP,1600,1600,33980,62ad2450ad92327d7dbbf3daf9e3582179996acc9dd7fc07abd98966493f4c3c,NOT_INTEGRATED,PASS,max 1600x1600; object-contain compatible; metadata stripped; no upscale,INHERITED_FROM_CERTIFIED_MULTI_VARIANT_BANK_MATCH
9acc5a78-2b14-4db9-94df-a8dc2112fa60,lib-pea-aob,Libretas.zip,Libretas/LIbreta Peach Azul Frente.jpg,MASTER,lib-pea-aob/lib-pea-aob_master.webp,WEBP,1600,1600,56972,49439f06cb83aede2b9f0da1ab2273bb7d5e8f951408fd5a1b616eef12aa8ce5,NOT_INTEGRATED,PASS,max 1600x1600; object-contain compatible; metadata stripped; no upscale,INHERITED_FROM_CERTIFIED_MULTI_VARIANT_BANK_MATCH
a4a991fc-660a-4309-b11a-a4825a882441,lib-pes-aob,Libretas.zip,Libretas/Libreta Peach Espiral Azul Frente.jpg,MASTER,lib-pes-aob/lib-pes-aob_master.webp,WEBP,1600,1600,107546,fb95a22ac25477833121aa69e3ad48fe92e520818c25c1c8e3d80b1ab6ee74ff,NOT_INTEGRATED,PASS,max 1600x1600; object-contain compatible; metadata stripped; no upscale,INHERITED_FROM_CERTIFIED_MULTI_VARIANT_BANK_MATCH
2e43d69f-5b79-45c6-9a73-d71f27dc2a02,lib-ski-vec,Libretas.zip,Libretas/Libreta skin verde copia.jpg,MASTER,lib-ski-vec/lib-ski-vec_master.webp,WEBP,1600,1600,72070,f52444d7b628cbdd319990edf42501a49e52979898597249d7fb9cc4583f225e,NOT_INTEGRATED,PASS,max 1600x1600; object-contain compatible; metadata stripped; no upscale,INHERITED_FROM_CERTIFIED_MULTI_VARIANT_BANK_MATCH
ef4c5be2-f4fb-4a29-af4e-c25de2eb7b42,lib-sks-aob,Libretas.zip,Libretas/Libreta Skin Soft Azul Frente.jpg,MASTER,lib-sks-aob/lib-sks-aob_master.webp,WEBP,1600,1600,83446,9e766c9d941167c6739b2d142645437a50e49a1b16cf0aa418d6cf5cac65e18f,NOT_INTEGRATED,PASS,max 1600x1600; object-contain compatible; metadata stripped; no upscale,INHERITED_FROM_CERTIFIED_MULTI_VARIANT_BANK_MATCH
a8214d09-27a5-48b0-aa7e-68ec8a2707d9,spl-sol-azu,Boligrafos plastico.zip,Boligrafos plastico/splash azul  clip.jpg,MASTER,spl-sol-azu/spl-sol-azu_master.webp,WEBP,1600,1600,44198,d99604c33a6147c99015045ffa0fc450226d248334fae4275b200f92d43e162e,NOT_INTEGRATED,PASS,max 1600x1600; object-contain compatible; metadata stripped; no upscale,INHERITED_FROM_CERTIFIED_MULTI_VARIANT_BANK_MATCH
ae0678ca-62d9-4d2c-bf47-5c22a84e2bdf,spl-sol-mor,Boligrafos plastico.zip,Boligrafos plastico/splash morado clip.jpg,MASTER,spl-sol-mor/spl-sol-mor_master.webp,WEBP,1600,1600,42012,98634faaa1dcee9df760c1dea618f26065215d99c75e535cc2e05aefce8608d3,NOT_INTEGRATED,PASS,max 1600x1600; object-contain compatible; metadata stripped; no upscale,INHERITED_FROM_CERTIFIED_MULTI_VARIANT_BANK_MATCH
664c01db-a293-4f36-a4dc-8ceef8fc5af6,spl-sol-nar,Boligrafos plastico.zip,Boligrafos plastico/splash naranja clip.jpg,MASTER,spl-sol-nar/spl-sol-nar_master.webp,WEBP,1600,1600,46886,49f2ed9831c594fe65807ce0c4625b80405fa8e40767c37edb1c1444f522a00f,NOT_INTEGRATED,PASS,max 1600x1600; object-contain compatible; metadata stripped; no upscale,INHERITED_FROM_CERTIFIED_MULTI_VARIANT_BANK_MATCH
e20c1edf-3015-4b9d-bbd5-b283ad0a0f44,spl-sol-roj,Boligrafos plastico.zip,Boligrafos plastico/splash rojo  clip.jpg,MASTER,spl-sol-roj/spl-sol-roj_master.webp,WEBP,1600,1600,43816,609784db451af9da33177b9aa5fed46bf029794e6a9086003fc1167fb26684c8,NOT_INTEGRATED,PASS,max 1600x1600; object-contain compatible; metadata stripped; no upscale,INHERITED_FROM_CERTIFIED_MULTI_VARIANT_BANK_MATCH
94df514a-dd96-41dd-920f-47da65c26351,spl-sol-ros,Boligrafos plastico.zip,Boligrafos plastico/splash rosa  clip.jpg,MASTER,spl-sol-ros/spl-sol-ros_master.webp,WEBP,1600,1600,41018,8092e6187d3ca7ecef4a37c52c4a54b78b7684d5fa6ac00f595ff364911727ab,NOT_INTEGRATED,PASS,max 1600x1600; object-contain compatible; metadata stripped; no upscale,INHERITED_FROM_CERTIFIED_MULTI_VARIANT_BANK_MATCH
ace1ad89-6955-436a-a2c5-f9aeff97e5cf,spl-sol-ver,Boligrafos plastico.zip,Boligrafos plastico/splash verde clip.jpg,MASTER,spl-sol-ver/spl-sol-ver_master.webp,WEBP,1600,1600,46418,41dea3095e87f1365c46fdade104637b04d31e05c0a0e843148d154b93260136,NOT_INTEGRATED,PASS,max 1600x1600; object-contain compatible; metadata stripped; no upscale,INHERITED_FROM_CERTIFIED_MULTI_VARIANT_BANK_MATCH
0b889781-de86-4115-9a62-ae1540e1140d,vas-nom-az1,Bebidas y Alimentos.zip,Bebidas y Alimentos/Vaso Nomi Azul.jpg,MASTER,vas-nom-az1/vas-nom-az1_master.webp,WEBP,1600,1600,53008,501e6277cea23866a54886a2e97e899c74e20ead21a102e9e670f13b00bbe92a,NOT_INTEGRATED,PASS,max 1600x1600; object-contain compatible; metadata stripped; no upscale,INHERITED_FROM_CERTIFIED_MULTI_VARIANT_BANK_MATCH
5a3b2909-d914-49e9-943c-b189f93b99b6,vas-nom-ro1,Bebidas y Alimentos.zip,Bebidas y Alimentos/Vaso Nomi Rojo.jpg,MASTER,vas-nom-ro1/vas-nom-ro1_master.webp,WEBP,1600,1600,49068,e9a6a42913617e0ce80944770d1e3e2ad661331846ca7701909892a439706f99,NOT_INTEGRATED,PASS,max 1600x1600; object-contain compatible; metadata stripped; no upscale,INHERITED_FROM_CERTIFIED_MULTI_VARIANT_BANK_MATCH
045d2c3e-4d9d-4594-b941-d9ecce15a6b6,vas-nom-ve1,Bebidas y Alimentos.zip,Bebidas y Alimentos/Vaso Nomi Verde.jpg,MASTER,vas-nom-ve1/vas-nom-ve1_master.webp,WEBP,1600,1600,53598,74fa8be2ebc777116e76562e3c8819298b16b11397ecf9802ebfac8a1ea2ceaf,NOT_INTEGRATED,PASS,max 1600x1600; object-contain compatible; metadata stripped; no upscale,INHERITED_FROM_CERTIFIED_MULTI_VARIANT_BANK_MATCH
aa8fdf41-e4df-4bb0-bf76-5acfd4ece428,vas-ven-nem,Bebidas y Alimentos.zip,Bebidas y Alimentos/Vaso Venti Negro Frente.jpg,MASTER,vas-ven-nem/vas-ven-nem_master.webp,WEBP,1600,1600,92100,f8a43e73dba877fe6f2a9d04973f3305d8909694d883ab14f91e1318de47da0c,NOT_INTEGRATED,PASS,max 1600x1600; object-contain compatible; metadata stripped; no upscale,INHERITED_FROM_CERTIFIED_MULTI_VARIANT_BANK_MATCH
